Title,main_category,category,date,description
Over 4 Million Americans Roll Up Sleeves For Omicron-Targeted COVID Boosters,News,U.S. NEWS,2022-09-23,health expert said early predict whether demand would match million dos new booster ordered fall
"American Airlines Flyer Charged, Banned For Life After Punching Flight Attendant On Video",News,U.S. NEWS,2022-09-23,subdued passenger crew fled back aircraft confrontation according attorney office los angeles
23 Of The Funniest Tweets About Cats And Dogs This Week (Sept. 17-23),News,COMEDY,2022-09-23,dog understand could eaten
The Funniest Tweets From Parents This Week (Sept. 17-23),News,PARENTING,2022-09-23,accidentally put toothpaste toothbrush screamed like cleaning teeth carolina reaper dipped tabasco sauce
Woman Who Called Cops On Black Bird-Watcher Loses Lawsuit Against Ex-Employer,News,U.S. NEWS,2022-09-22,amy cooper accused investment firm franklin templeton unfairly firing branding racist video central park encounter went viral
Cleaner Was Dead In Belk Bathroom For 4 Days Before Body Found: Police,News,U.S. NEWS,2022-09-22,woman seen working south carolina store thursday found dead monday family reported missing authority said
Reporter Gets Adorable Surprise From Her Boyfriend While Live On TV,News,U.S. NEWS,2022-09-22,behind anchor new asked journalist michelle ross finished interview
Puerto Ricans Desperate For Water After Hurricane FionaÃÂs Rampage,News,WORLD NEWS,2022-09-22,half million people remained without water service three day storm lashed territory
How A New Documentary Captures The Complexity Of Being A Child Of Immigrants,News,CULTURE & ARTS,2022-09-22,mija director isabel castro combined music documentary style euphoria clueless tell nuanced immigration story
Biden At UN To Call Russian War An Affront To Body's Charter,News,WORLD NEWS,2022-09-21,white house official say crux president visit year condemnation russia brutal war
World Cup Captains Want To Wear Rainbow Armbands In Qatar,News,WORLD NEWS,2022-09-21,fifa come pressure several european soccer federation want support human right campaign discrimination world cup
Man Sets Himself On Fire In Apparent Protest Of Funeral For Japan's Abe,News,WORLD NEWS,2022-09-21,incident underscore growing wave protest funeral shinzo abe one divisive leader postwar japanese politics
Fiona Threatens To Become Category 4 Storm Headed To Bermuda,News,WORLD NEWS,2022-09-21,hurricane fiona lashed turk caicos island forecast squeeze past bermuda later week
"Twitch Bans Gambling Sites After Streamer Scams Folks Out Of $200,000",News,TECH,2022-09-21,one man claim scammed people platform caused several popular streamer consider twitch boycott
Virginia Thomas Agrees To Interview With Jan. 6 Panel,News,U.S. NEWS,2022-09-21,conservative activist virginia thomas wife supreme court justice clarence thomas agreed participate voluntary interview house panel investigating insurrection
Russian Cosmonaut Valery Polyakov Who Broke Record With 437-Day Stay In Space Dies At 80,News,WORLD NEWS,2022-09-20,polyakov trip outer space saw orbit earth time travel nearly million mile
'Reboot' Is A Clever And Not Too Navel-Gazey Look Inside TV Reboots,News,CULTURE & ARTS,2022-09-20,starring key judy greer johnny knoxville hulu show follows revival fictional early sitcom
"Maury Wills, Base-Stealing Shortstop For Dodgers, Dies At 89",News,SPORTS,2022-09-20,maury will helped los angeles dodger win three world series title prowess died
4 Russian-Controlled Ukrainian Regions Schedule Votes This Week To Join Russia,News,WORLD NEWS,2022-09-20,concerted quickening effort swallow four region could set stage moscow escalate war
Fiona Barrels Toward Turks And Caicos Islands As Category 3 Hurricane,News,WORLD NEWS,2022-09-20,turk caicos island government imposed curfew intensifying storm kept dropping copious rain dominican republic puerto rico
Golden Globes Returning To NBC In January After Year Off-Air,News,ENTERTAINMENT,2022-09-20,past month hollywood effectively boycotted globe report member journalist included black member
Biden Says U.S. Forces Would Defend Taiwan If China Invaded,News,POLITICS,2022-09-19,president issue vow tension china rise
Hurricane Fiona Bears Down On Dominican Republic After Pounding Puerto Rico,News,WORLD NEWS,2022-09-19,storm knocked power grid unleashed flood landslide puerto rico governor said damage
One Dead After Plane Crashes At Reno Air Race,News,U.S. NEWS,2022-09-19,plane participating national championship air race sunday crashed field killing pilot official said
ÃÂBeautiful And Sad At The Same TimeÃÂ: Ukrainian Cultural Festival Takes On A Deeper Meaning This Year,News,POLITICS,2022-09-19,annual celebration took different feel russia invasion dragged day
Family Of American Held In Afghanistan Says He Was Freed By Taliban In Prisoner Swap,News,U.S. NEWS,2022-09-19,mark frerichs navy veteran civilian contractor kidnapped afghanistan january
"Las Vegas Aces Win First WNBA Title, Chelsea Gray Named MVP",News,SPORTS,2022-09-19,la vega never professional sport champion sunday
World Leaders Pay Respects To Queen Elizabeth II,News,WORLD NEWS,2022-09-18,president joe biden first lady jill biden among thousand mourner local tourist royal world leader pay respect
James Cameron Says He 'Clashed' With Studio Before 'Avatar' Release,News,ENTERTAINMENT,2022-09-18,avatar director said aspect movie still competitive everything day
'French Spider-Man' Celebrates 60th Birthday With A Massive Skyscraper Climb,News,WEIRD NEWS,2022-09-18,alain robert known french climbed burj khalifa empire state building
Biden Says Queen's Death Left 'Giant Hole' For Royal Family,News,POLITICS,2022-09-18,president joe biden london funeral queen elizabeth ii say heart went royal family adding death left
Watchdog Report Finds Some Census Takers Who Fudged 2020 Data DidnÃÂt Get Fired,News,U.S. NEWS,2022-09-18,despite entering false information work redone fully case census taker received bonus office inspector general reported
First Public Global Database Of Fossil Fuels Launches,News,ENVIRONMENT,2022-09-18,monday first public database fossil fuel production reserve emission launch
Man Charged With Exposing Himself To Mourners Waiting To View Queen Elizabeth,News,WORLD NEWS,2022-09-17,reportedly fled thames failed bid escape police
Alaska Prepares For 'Historic-Level' Storm Barreling Towards Coast,News,ENVIRONMENT,2022-09-17,year people referring september storm benchmark
Puerto Rico Braces For Landslides And Severe Flooding As Tropical Storm Fiona Approaches,News,ENVIRONMENT,2022-09-17,puerto rico hurricane watch saturday storm barreled towards territory
WHO Raises Alarm On Disease In Flood-hit Areas Of Pakistan,News,WORLD NEWS,2022-09-17,world health organization raising alarm wake deadly flood pakistan summer doctor medical worker ground race battle outbreak waterborne disease
Privatization IsnÃÂt The Answer To JacksonÃÂs Water Crisis,News,ENVIRONMENT,2022-09-17,study repeatedly shown ending public administration water supply work table mississippi
German Customs Officials Follow Trail Of Slime And Find Bags Of Giant Snails,News,WEIRD NEWS,2022-09-16,history duesseldorf custom office trail slime led u smuggled good spokesman michael walk told medium
Amazon Greenlights 'Blade Runner 2099' Limited Series Produced By Ridley Scott,News,ENTERTAINMENT,2022-09-16,director original film join writer sequel newest installment franchise
Bill To Help Afghans Who Escaped Taliban Faces Long Odds In The Senate,News,POLITICS,2022-09-16,republican outrage shoddy withdrawal afghanistan spurred support resettling refugee
Alabama Sidesteps Compensation For Survivor Of '63 KKK Blast,News,U.S. NEWS,2022-09-16,sarah collins rudolph lost eye piece glass inside body ku klux klan bombing killed sister three black girl inside alabama church year ago
Racism Seen As Root Of Water Crisis In Mississippi Capital,News,U.S. NEWS,2022-09-16,advisory lifted mississippi capital state stop handing free bottled water saturday
'The Phantom Of The Opera' To Close On Broadway Next Year,News,ENTERTAINMENT,2022-09-16,phantom show scheduled close february victim softening theater attendance new york
Mark Meadows Complies With Justice Dept. Subpoena: Report,News,POLITICS,2022-09-15,former white house chief staff turned record part federal investigation assault capitol
"Meet Alex Aster, The TikToker Changing The Publishing Industry For The Better",News,CULTURE & ARTS,2022-09-15,author new book lightlark rejected numerous time went directly reader support
Chick-Fil-A Worker Saves Woman With Baby From Being Carjacked,News,U.S. NEWS,2022-09-15,mykel gordon rushed woman aid held assailant police arrived remarkably first time gordon may saved life
Viola Davis Feared A Heart Attack During 'The Woman King' Training,News,ENTERTAINMENT,2022-09-15,oscar winner said worked five hour day role new action movie
Kim Kardashian's Next Boyfriend Could Be A Biochemist,News,ENTERTAINMENT,2022-09-15,reality star told james corden branching clearly working whatever
Podcasters Offer $100K Reward For Information On 2PacÃÂs Killers,News,ENTERTAINMENT,2022-09-15,la vega podcasters hoping find shot rap icon year ago
"Cardi B Donates $100,000 To Her Old Middle School In The Bronx",News,ENTERTAINMENT,2022-09-14,rapper surprised child alexander macomb school morris height make announcement
"Bill Richardson Visits Moscow As Brittney Griner, Paul Whelan Remain Jailed",News,WORLD NEWS,2022-09-14,richardson former ambassador united nation frequent emissary hostage negotiation held meeting russian leader
Emmy Awards Viewership Dips To A Record-Low As Its Audience Continues To Drop,News,ENTERTAINMENT,2022-09-14,television award ceremony lost roughly million viewer compared program
"Possible Nationwide Rail Strike Is Already Impacting Travelers, Businesses",News,U.S. NEWS,2022-09-14,white house press secretary karine said rail shutdown acceptable would harm family well business
Democrats Nominate Seth Magaziner In Key Rhode Island House Race,News,POLITICS,2022-09-14,state general treasurer slated face former cranston mayor allan fung r general election
TikTok Search Results Riddled With Misinformation: Report,News,TECH,2022-09-14,firm monitor false online claim report search information prominent news topic tiktok likely turn result riddled misinformation
U.S. Inflation Falls For 2nd Straight Month On Lower Gas Costs,News,U.S. NEWS,2022-09-13,monthly basis price rose flat reading july
"Jean-Luc Godard, Pioneering French Filmmaker, Dies",News,ENTERTAINMENT,2022-09-13,director best known groundbreaking movie breathless
Thousands Of Minnesota Nurses Launch 3-day Strike Over Pay,News,U.S. NEWS,2022-09-13,pressing salary increase say help improve patient care resolving understaffing stress worsened pandemic
Joe Biden Urges National Unity In Speech On Renewed ÃÂCancer MoonshotÃÂ,News,POLITICS,2022-09-13,cancer discriminate red blue president said monday beating cancer something together
Sen. Tim Scott Downplays Electability Concerns Over Struggling Senate GOP Candidates,News,POLITICS,2022-09-12,field gon na play scott told fox news sunday
Boston Marathon To Make Race More Inclusive For Nonbinary Runners,News,SPORTS,2022-09-12,race organizer say nonbinary athlete wo register men woman division provided qualifying time guide training
"Anthony Varvaro, MLB Pitcher Turned Transit Cop, Dies In Crash On Way To 9/11 Ceremony",News,SPORTS,2022-09-12,varvaro pitched mostly atlanta brave started law enforcement career
Electability Is On The Ballot In Key Rhode Island House Primary,News,POLITICS,2022-09-12,democrat moderate house district deciding take popular republican former mayor
"In A Nod To JFK, Joe Biden Pushing 'Moonshot' To Fight Cancer",News,POLITICS,2022-09-12,biden plan draw attention new federally backed study seek validate using blood test screen multiple cancer
How Ani Liu Is Brilliantly Disguising Her Art As Science,News,CULTURE & ARTS,2022-09-12,artist found dynamic way confront conversation female empowerment motherhood labor artwork
'Sidney' Tackles The Not-So-Comfortable Conversations About A Black Cinema Icon,News,CULTURE & ARTS,2022-09-11,sensationalizing even tarnishing reputation sidney poitier rather new documentary honor humanity every facet
"Carlos Alcaraz Wins U.S. Open For 1st Slam Title, Top Ranking",News,SPORTS,2022-09-11,carlos alcaraz defeated casper ruud open final earn first grand slam age become youngest man move ranking
"Weather Helping, But Threat From Western Fires Persists",News,U.S. NEWS,2022-09-11,firefighter made progress huge northern california wildfire still growing threatening thousand mountain home
"Biden Honors 9/11 Victims, Vows Commitment To Thwart Terror",News,POLITICS,2022-09-11,president joe biden marked anniversary attack taking part somber ceremony held pentagon steady rain
9/11 Attacks Still Reverberate As U.S. Marks 21st Anniversary,News,U.S. NEWS,2022-09-11,september remains point reflection attack thatÃ¢ reconfigured national security policyÃ¢ spurred worldwide
Last Reactor At Ukraine's Zaporizhzhia Nuclear Plant Stopped,News,WORLD NEWS,2022-09-11,plant one biggest atomic power station world occupied russian force since early war marked day sunday
Payment Processor Visa To Start Categorizing Sales At Gun Stores,News,U.S. NEWS,2022-09-10,adoption significant largest payment network likely add pressure mastercard american express adopt code well
"US, Trump Team Propose Names For Arbiter In Mar-A-Lago Probe",News,POLITICS,2022-09-10,justice department proposed two retired judge role team proposed retired judge lawyer
James Cameron Presents New Scenes From 'Avatar: The Way Of Water' At D23 Expo,News,ENTERTAINMENT,2022-09-10,director told audience super excited finally finishing movie two three additional installment work
Russia Says It's Pulling Back Forces From Ukraine's Kharkiv Region,News,WORLD NEWS,2022-09-10,defense ministry announced troop pulled back two area ukrainian counter offensive made significant advance
Severe Winds Batter Southern California As Heat Wave Breaks,News,ENVIRONMENT,2022-09-10,heat wave nearly overwhelmed electrical grid southern california got cooler weather also ferocious tropical storm
Ukraine Claws Back Some Territory; Nuclear Plant In Peril,News,WORLD NEWS,2022-09-10,ukrainian force claiming new success counteroffensive russian force east
Watch Harry Styles Pay Tribute To Queen Elizabeth II At NYC Concert,News,ENTERTAINMENT,2022-09-09,join round applause year service pop star told crowd paused madison square garden performance
Ex-Employee Testifies He Now Doubts R. Kelly Abuse Denials,News,ENTERTAINMENT,2022-09-09,derrell testimony could major blow r b singer hope acquittal
'Our Hearts Are Broken': Historic Front Pages Mark The Queen's Death,News,WORLD NEWS,2022-09-09,british international newspaper honor passing monarch
JoJo Siwa To Receive Prestigious GLSEN Honor For Her LGBTQ Advocacy Work,News,ENTERTAINMENT,2022-09-09,singer dancer youtube icon receive gamechanger award focus effort
UN Chief Asks World For 'Massive' Help In Flood-Hit Pakistan,News,WORLD NEWS,2022-09-09,speaking islamabad antonio guterres said country bearing responsibility climate change faced challenge
"Politician's DNA Connected To Las Vegas JournalistÃÂs Murder, Police Say",News,POLITICS,2022-09-08,clark county public administrator robert telles arrested fatal stabbing jeff german investigating office
Michelle Obama Celebrated For Wearing Braids To Her White House Portrait Unveiling,News,ENTERTAINMENT,2022-09-08,internet ignited approval former first lady hairstyle choice monumental day
Norman Reedus Opens Up About 'Walking Dead' Injury: 'I Thought I Was Going To Die',News,ENTERTAINMENT,2022-09-08,actor said badly concussed shooting series finale feared life holding onto wall recovering
Michigan Supreme Court Revives Abortion Rights Amendment For November's Ballot,News,POLITICS,2022-09-08,opponent measure claimed typo made qualifying petition incomprehensible state highest court rejected argument
Portland Residents With Disabilities Sue Over City's Blocked Sidewalks,News,POLITICS,2022-09-08,lawsuit say allowing homeless tent block city sidewalk make difficult people using wheelchair walker cane use
At Least 32 Dead In Fire At Karaoke Parlor In South Vietnam,News,WORLD NEWS,2022-09-08,fire thuan city began late tuesday trapped worker customer inside venue
Baseball Players Union Joins AFL-CIO In Show Of Solidarity With Other Workers,News,SPORTS,2022-09-07,mlb player association finally member affiliating union across industry
"Muslims Only Make Up 1% Of Characters On TV, Study Finds",News,ENTERTAINMENT,2022-09-07,scripted show researcher analyzed muslim character typically violent dehumanized disparaged existed
The Unemployment Insurance System Is Not Ready For The Next Recession,News,POLITICS,2022-09-07,state cutting back congress unlikely step even pandemic exposed unemployment system shortcoming
"Power Outage At Austin Airport Leads To Flight Delays, Traffic Jams",News,U.S. NEWS,2022-09-07,airport official austin texas say early morning power outage causing flight delay even electricity restored
"Shelling Goes On Near Ukraine Nuclear Plant, Despite Risks",News,WORLD NEWS,2022-09-07,head international atomic energy agency warned security council catastrophic could take zaporizhzhia
Cyberattack Prompts Los Angeles School District To Shut Down Its Computer Systems,News,EDUCATION,2022-09-07,attack become growing threat school several incident reported since last year
Fast-Moving Fairview Fire Kills At Least 2 In California,News,U.S. NEWS,2022-09-06,second fire killed two people northern california weekend
"Kody Clemens Strikes Out MVP Shohei Ohtani, Trails Dad Roger By 4,671 Ks",News,SPORTS,2022-09-06,detroit tiger rookie utility player got pressed duty loss angel
Mississippi Governor Says Water Pressure Is Now 'Solid' In Jackson,News,U.S. NEWS,2022-09-06,city remains boil water notice first went effect july
"Meta, Parent Company Of Instagram, Fined $400 Million By Irish Regulators",News,U.S. NEWS,2022-09-06,social medium giant fined violation data privacy law related information child instagram
School Starts Today For Survivors Of Deadly Mass Shooting In Uvalde,News,U.S. NEWS,2022-09-06,new high fencing around texas community public school still finished heavy police patrol many family trust
"U.S.: Russia To Buy Rockets, Artillery Shells From North Korea",News,WORLD NEWS,2022-09-06,finding come biden administration confirmed russian military august took delivery drone use ukraine
Harry Styles Say He Feels Like He Has 'No Idea What I'm Doing' When Acting,News,ENTERTAINMENT,2022-09-05,singer said also see many parallel music acting
Michigan Secretary of State Worried About ÃÂViolence And DisruptionÃÂ Going Into Midterms,News,POLITICS,2022-09-05,jocelyn benson said misinformation fuel potential additional threat harassment even violence election day
Citing Imminent Danger Cloudflare Drops Hate Site Kiwi Farms,News,TECH,2022-09-05,cloudflare ceo matthew prince previously resisted call block site
Bear Spotted Chilling In California Swimming Pool,News,U.S. NEWS,2022-09-05,welcome yard long kill family homeowner quipped
Uvalde Fourth Graders Waited An Hour With Wounded Teacher,News,POLITICS,2022-09-05,elsa avila look scar run torso ca help remember may gunman stormed fourth grade wing robb elementary uvalde texas killing child two teacher leaving others wounded
Trump-Endorsed Wisconsin Gubernatorial Candidate Tells Voters To Take Up Pitchforks,News,POLITICS,2022-09-04,tim michels call supporter go medium following milwaukee journal sentinel story reporting multimillionaire donation group
Memphis Police: Arrest Made In Jogger's Disappearance,News,CRIME,2022-09-04,police tennessee say arrest made disappearance woman abducted jogging
FEMA Director Says It's ÃÂToo EarlyÃÂ To Tell When Jackson Will Have Clean Water Again,News,U.S. NEWS,2022-09-04,resident mississippi capital still clean water rain worsened existing infrastructure
Pakistan's Largest Natural Lake Is Rising To Dangerous Levels Due To Monsoon,News,WORLD NEWS,2022-09-04,authority warn flooding expected lake manchar swell unprecedented monsoon rain killed nearly people
Uvalde Children Grapple With Trauma After School Massacre,News,U.S. NEWS,2022-09-04,student survived may shooting robb elementary texas spending summer host mental health issue including ptsd
Emergency Declared As Flash Flooding Hits Northwest Georgia,News,U.S. NEWS,2022-09-04,thunderstorm heavy rain pounded part northwest georgia sunday sparking flash flooding dangerously high water area
"'The Osbournes' Will Return In British Revival On BBC: 'Same Laughter, Love And Tears'",News,ENTERTAINMENT,2022-09-03,millennials might remember family mtv reality series early bbc series filmed osbourne estate england
Plane That Circled Mississippi Threatening To Crash Has Landed,News,U.S. NEWS,2022-09-03,pilot arrested circling small airplane tupelo mississippi threatening crash walmart store
Fuel Leak Ruins NASA's 2nd Shot At Launching New Moon Rocket,News,SCIENCE,2022-09-03,part space agency artemis program rocket powerful date
9 Migrants Are Found Dead In Rio Grande: Border Patrol,News,U.S. NEWS,2022-09-03,tragic toll followed hazardous crossing desperate dozen said official
Owner Of New England Frozen Yogurt Shops Accused Of Hiding Camera In Store Bathroom,News,U.S. NEWS,2022-09-02,nashua police charged chanphanou sab pou three misdemeanor count violation privacy could face one year jail charge
Former White House Counsel Pat Cipollone To Testify Before Grand Jury: Reports,News,POLITICS,2022-09-02,cipollone former deputy patrick philbin also reportedly scheduled provide testimony grand jury friday
"Tropical Storm Danielle Strengthens Into Hurricane, No Current Threat To Land",News,U.S. NEWS,2022-09-02,storm first hurricane unusually quiet storm season centered mile west azores
Putin Plans To Snub Gorbachev's Funeral,News,WORLD NEWS,2022-09-02,funeral reflects uneasiness legacy gorbachev despised many home collapse soviet union
NASA Aims For Saturday Launch Of New Moon Rocket After Fixing Fuel Leaks,News,U.S. NEWS,2022-09-02,inaugural flight artemis rocket powerful ever built nasa delayed late countdown monday
"U.S. Hiring Slowed In August As Employers Add 315,000 Jobs",News,U.S. NEWS,2022-09-02,unemployment rate rose low july american came sideline look job
Pregnant Woman Who Claimed Unborn Baby Was HOV Lane Passenger Receives Another Ticket,News,U.S. NEWS,2022-09-01,brandy bottone referred roe wade texas penal code identifies unborn child individual first stopped using lane
Should You Freeze-Dry Your Breast Milk?,News,PARENTING,2022-09-01,freezer overflowing tired carrying around ice pack bottle pumped milk option could
Missing Louisiana Nun Found 'Alive And Safe' Months After Armed Home Raid,News,U.S. NEWS,2022-09-01,nun held kidnapper nearly five month following armed raid burkina faso home
"A Ku Klux Klan Plaque Is Mounted At West Point's Science Center, Commission Finds",News,U.S. NEWS,2022-09-01,plaque show hooded man holding weapon
Toxic Algae Causes Thousands Of Dead Fish To Wash Ashore In California,News,ENVIRONMENT,2022-09-01,unprecedented red tide creating foul odor may get worse oncoming heat wave
Lisa Loeb Paved Her Own Way In The '90s ÃÂ A Rare Feat For Independent Artists Of The Time,News,CULTURE & ARTS,2022-08-31,missed artist reflects pushing culture female expected fit certain mold make big
Rep. Jim Jordan's Judiciary Twitter Account Finds 'Threat' In Pic Of Docs At Trump Home,News,POLITICS,2022-08-31,filing described trump representative hand classified material property
Mikhail Gorbachev's 1998 Pizza Hut Ad Resurfaces After His Death,News,POLITICS,2022-08-31,soviet union last leader reportedly earned nearly million even though refused eat pizza camera
Republicans Ignore Trump's Hoarding Of Classified Documents,News,POLITICS,2022-08-31,gop continuing contort defense donald trump despite new information relating classified document held florida estate
ÃÂFox & FriendsÃÂ Host Questions Why Trump Kept Classified Documents At Mar-A-Lago,News,POLITICS,2022-08-31,biggest secret world steve doocy said response keeping top secret document private residence
3 More R. Kelly Accusers Testify About His Abuse In Chicago Trial,News,U.S. NEWS,2022-08-31,prosecutor rested case singer stand accused producing child sexual abuse video latest trial
Stocks Dive For Truth Social SPAC Amid Merger Delay,News,POLITICS,2022-08-30,one thing another donald trump truth social
6 Signs YouÃÂre Grinding Your Teeth At Night (And What To Do About It),News,WELLNESS,2022-08-30,beyond toothache common red flag dealing nighttime teeth grinding
'Safety Is Always First': NASA Reschedules Artemis Moon Mission To Saturday,News,SCIENCE,2022-08-30,going play nine inning artemis mission manager said first launch scrubbed
Secret Service Official And Ex-Trump Aide Tony Ornato Retires Amid Jan. 6 Probe,News,POLITICS,2022-08-30,ornato one point served white house political adviser said witnessed trump lunge secret service agent capitol attack
'The Vow Part Two' Trailer Dives Deeper Into Downfall Of Twisted NXIVM Cult,News,ENTERTAINMENT,2022-08-30,hbo release follow series beginning october infamous sex cult led keith raniere
"This Breastfeeding Condition Makes Moms Feel Dread, Disgust And Despair",News,PARENTING,2022-08-30,mom dysphoric reflex feel intense brief wave depression anxiety negative emotion letdown common might think
"Yung Gravy Brings Addison RaeÃÂs Mom As His VMAs Date, Calls Her A Certain 4-Letter Word",News,ENTERTAINMENT,2022-08-29,tiktok mom sheri easterling rapper made romance public ex monty lopez happy
House Members Are Using A Controversial Tool To Keep Campaigning. Has It Gone Too Far?,News,POLITICS,2022-08-29,house member supposed use proxy voting present due stopping representative voting remotely campaign trail
Lindsey Graham Warns Of 'Riots In Streets' If Trump Is Charged Over Classified Docs,News,POLITICS,2022-08-29,republican including believe come trump law graham said fox news getting
Amber Heard's Sister Reacts To 'Disgusting' Johnny Depp Cameo At VMAs,News,ENTERTAINMENT,2022-08-29,actor appeared virtually mtv video music award moon person sunday night
Johnny Depp Makes Surprise Appearance As Moon Person At MTV VMAs,News,ENTERTAINMENT,2022-08-29,actor made first appearance since defamation verdict amber heard june
And The Award For Most Enthusiastic VMAs Guest Goes To Taylor Swift,News,ENTERTAINMENT,2022-08-29,singer channeled inner barb danced along lizzo fangirled blackpink
"Pakistan Flooding Deaths Pass 1,000 In 'Climate Catastrophe'",News,WORLD NEWS,2022-08-28,pakistani authority reported casualty since monsoon season began earlier normal year destroying nearly home
2022 MTV VMAs Red Carpet: All The Wildest Looks You Need To See,News,ENTERTAINMENT,2022-08-28,celebrity showed showed award sunday night new jersey
A Nebraska Man Conducted An Active Shooter Drill. Employees Had No Idea.,News,U.S. NEWS,2022-08-28,man hired organize looked like mass shooting charged multiple terrorism count
Kash Patel Says His Life's In Danger Because He's In FBI Affidavit,News,POLITICS,2022-08-28,message posted truth social patel called attack
FBI Probing Russian-Speaking Fake Heiress Who Infiltrated Mar-A-Lago: Report,News,POLITICS,2022-08-28,startling case underscore security challenge donald resort even former president stashed government file
Arcade Fire Singer Win Butler Accused Of Sexual Misconduct By Several People: Report,News,ENTERTAINMENT,2022-08-28,butler told pitchfork consensual relationship outside marriage disputed detail allegation
Don Jr. Posts 'Dick Pic' Of Dad After Affidavit Release: 'Redact This!',News,POLITICS,2022-08-27,hang president goof one fan
Trump Attorneys File Do-Over Motion Regarding Mar-A-Lago Search,News,POLITICS,2022-08-27,former president legal team followed judge order polish filing fbi seizure government document estate
"6 Missing College Students In Mexico Were Held In Warehouse, Killed By Army",News,WORLD NEWS,2022-08-27,six student kidnapped kept alive day handed local army commander ordered killed according new report
A Fisherman Thought He Caught A Rock. He Snagged A Prehistoric Treasure Instead.,News,WEIRD NEWS,2022-08-27,nebraska man said initially believed underwater find skeleton catfish deer
Jared Kushner Blasts 'Nasty Troll' Chrissy Teigen For Attacks On Ivanka,News,POLITICS,2022-08-27,nasty
'Kimmel' Host Nikki Glaser Absolutely Goes There In Scorching NSFW Monologue,News,ENTERTAINMENT,2022-08-26,one safe speed roast targeting politician
Mar-A-Lago Search Affidavit: Trump Was Insecurely Storing Most Sensitive Intel At Club,News,POLITICS,2022-08-26,heavily redacted document lay justification department justice provided judge permission search seize highly classified document fbi raid trump florida home
"Donald Trump's Truth Social Reportedly Faces Major Money, Trademark Woes",News,POLITICS,2022-08-26,major vendor claim stiffed trump social medium operation suggesting finance significant disarray reported fox business
FINISH HIM: Fighting Kangaroo Pulls Wild Move Right Out Of A Video Game,News,WEIRD NEWS,2022-08-26,two mad marsupial went canberra nature reserve
"6 Months Into War, Russian Goods Still Flowing To U.S.",News,WORLD NEWS,2022-08-25,american company including federal contractor continue buy everything birch wood flooring titanium russian corporation
Judge Temporarily Blocks North Dakota Trigger Law Banning Abortion,News,POLITICS,2022-08-25,ban set take effect friday two month supreme court overturned roe wade
REI Workers At Berkeley Store Vote To Unionize In Another Win For Labor,News,BUSINESS,2022-08-25,follow footstep rei worker new york city formed union earlier year
Gov. Brian Kemp Fights Subpoena In Georgia Election Probe,News,POLITICS,2022-08-25,judge presiding special grand jury investigating possible illegal attempt influence election georgia
JapanÃÂs National Police Chief To Resign Over Shinzo Abe Assassination,News,WORLD NEWS,2022-08-25,national police agency chief itaru nakamura announcement came agency released report failed protect abe life july
"Uvalde Victims' Families, Survivors Plan Multi-Billion Dollar Lawsuit",News,U.S. NEWS,2022-08-24,lawsuit look name law enforcement agency shop accused shooter bought gun used uvalde shooting
"Dan Goldman, Narrowly Leading In New York Democratic Primary, Declares Victory",News,POLITICS,2022-08-24,congressional race officially called rival niou declined concede
Markwayne Mullin Wins Oklahoma Republican Primary To Succeed GOP Sen. Jim Inhofe,News,POLITICS,2022-08-24,house member known staunch president biden critic loyal donald trump supporter
Charlie Crist Wins Chance To Take On Florida Gov. Ron DeSantis And His $132 Million,News,POLITICS,2022-08-24,crist making second run governor democrat served one term job republican decade ago
IRS Launches Safety Review Amid Threats To Workers Linked To Conspiracy Theories,News,POLITICS,2022-08-24,internal revenue service say conducting comprehensive review safety facility
Student Loan Borrowers Await Biden Plan On Debt Forgiveness,News,POLITICS,2022-08-24,biden plan survives legal challenge almost certain come could offer windfall swath nation fall midterm election
'House Of The Dragon' Is Already Ratings King After Most-Watched HBO Premiere Ever,News,ENTERTAINMENT,2022-08-23,game throne spinoff pulled largest audience original series premiere hbo history
Former Louisville Cop Pleads Guilty In Breonna Taylor Case,News,U.S. NEWS,2022-08-23,former louisville police detective helped falsify warrant led deadly police raid apartment pleaded guilty federal charge
"Jerry Allison, Buddy Holly's Drummer, Dead At 82",News,ENTERTAINMENT,2022-08-23,rock roll hall fame member also classic song like
Andrew Garfield Confirms Method Acting Is Possible Without 'Being An Asshole',News,ENTERTAINMENT,2022-08-23,actor revealed abstained sex month starved prepare role
Rusty Bowers Rips 'Fascism' Of GOP And Trump's Strong-Arm Tactics To Trash Vote,News,POLITICS,2022-08-23,hanged yet arizona gop leader told guardian powerful interview holy moly crazy place lost
"After Delay, Biden Readies Student Loan Help, Payment Pause",News,POLITICS,2022-08-23,precise detail president joe plan kept unusually small circle within biden administration
This Is The Bittersweet Part Of Democrats' Sweet Legislative Victory,News,POLITICS,2022-08-22,democrat cusp transforming paid leave child care home care figuring came short might get opportunity try
UK Broadcaster To Air Satirical Musical On Prince Andrew,News,WORLD NEWS,2022-08-22,program described life duke set musical score
Teachers In Ohio's Largest School District Go On Strike,News,POLITICS,2022-08-22,class scheduled resume two day
"Ukraine: 9,000 Of Its Troops Killed Since Russia Began War",News,WORLD NEWS,2022-08-22,russian invasion ukraine began
"Gas Prices Are Falling, But Global Events Could Cause Increase, Energy Secretary Warns",News,POLITICS,2022-08-22,jennifer granholm said produce record amount oil next year
Police File Terrorism Charges Against Pakistan's Ex-Premier Imran Khan,News,WORLD NEWS,2022-08-22,charge accuse khan threatening police officer judge sedition act
Minneapolis Teacher Contract Race Language Ignites Firestorm,News,EDUCATION,2022-08-21,minneapolis teacher settled strike earlier year celebrated groundbreaking provision new contract meant shield teacher color traditional layoff
Hawaii Seeking End To Conflict Over Astronomy On Sacred Mountain,News,U.S. NEWS,2022-08-21,native hawaiian say use sacred mauna kea summit scientist
Metal-Detecting Stranger Retrieves WomanÃÂs Ring Lost In Sea,News,U.S. NEWS,2022-08-21,francesca teal plea help facebook got attention local man spent two day searching water wetsuit headlamp metal detector
"Leon Vitali, Stanley KubrickÃÂs Right-Hand Man, Dies At 74",News,ENTERTAINMENT,2022-08-21,leon vitali actor became one stanley closest associate died
ÃÂDragon Ball SuperÃÂ Bests ÃÂBeastÃÂ At Box Office With $20.1M,News,ENTERTAINMENT,2022-08-21,idris elba may go lion action flick match latest movie
Defense In Parkland School ShooterÃÂs Trial Set To Present Its Case,News,U.S. NEWS,2022-08-21,nikolas cruz attorney monday present carried attack make case life prison instead death
"Judge Won't Block Georgia Ban On Bringing Food, Water To Voters In Line",News,POLITICS,2022-08-20,voting right group dismayed ruling upholds ban giving drink snack people waiting vote
"Trans Woman Can't Be Considered Parent Of Her Own Child, Rules Tokyo Court",News,WORLD NEWS,2022-08-20,court said woman legal parent daughter born transition one born afterward
"Dorli Rainey, Symbol Of Occupy Movement, Dies At 95",News,U.S. NEWS,2022-08-20,seattle activist turned racial justice affordable housing demonstration year
Mike Pence Says He Did Not Take Classified Documents When He Left Office,News,POLITICS,2022-08-20,former vice president made disclosure fbi agent seized classified top secret document donald trump florida home
Wendy's Pulls Lettuce From Sandwiches After Dozens Fall Sick From E. Coli,News,U.S. NEWS,2022-08-20,chain say pulling lettuce sandwich restaurant michigan ohio pennsylvania people eating reported falling ill
Shocking Drone Video Shows Alligator Attacking Florida Man,News,U.S. NEWS,2022-08-19,gator bite enough crush portion man skull break jaw
How To Tell If Your Chest Pain Is A Heart Problem,News,WELLNESS,2022-08-19,concerned chest pain might look sign know dealing whether need reach doctor asap
Mitch McConnell Gives Downbeat Forecast On GOP Winning Senate,News,POLITICS,2022-08-19,senate gop leader cited candidate quality factor whether republican win control november election
Vanessa Bryant Says Kobe Bryant Crash Photos Turned Grief To Horror,News,SPORTS,2022-08-19,bryant widow testified life fear every day photo husband death pop social medium
Rapper Young Thug Again Denied Bond In Racketeering And Gang Case,News,ENTERTAINMENT,2022-08-19,young thug along rapper gunna one dozen men charged georgia racketeering gang case
Media To Ask Judge To Release Trump Search Warrant Affidavit,News,POLITICS,2022-08-18,matter one utmost public interest involving action current former government official wrote attorney medium company
State Dept. 'Studying' 34-Year Sentence Of Saudi Woman Over Twitter Use,News,WORLD NEWS,2022-08-18,salma received lengthy prison sentence following account retweeting post critical kingdom twitter
"LGBTQ Pride Events Will Have Priority Access To Monkeypox Vaccines, Health Officials Say",News,U.S. NEWS,2022-08-18,extra vaccine dos made available city like atlanta new orleans pride celebration scheduled later year
"Trump Org. CFO To Plead Guilty, Testify Against Company",News,CRIME,2022-08-18,allen weisselberg charged taking million compensation trump organization several year
Deshaun Watson Settles With NFL For 11-Game Suspension,News,SPORTS,2022-08-18,cleveland brown quarterback accused sexual misconduct two dozen woman played houston texan
'Mike' And The Flawed Allure Of Authorized Biopics,News,CULTURE & ARTS,2022-08-18,biography long considered gold standard take consideration curated
Talks On Possible Watson Settlement Progress,News,SPORTS,2022-08-17,two people familiar negotiation tell ap talk nfl nfl player association discipline settlement cleveland brown quarterback deshaun watson progressed
CDC Director To Overhaul Agency With COVID Shortcomings In Mind,News,POLITICS,2022-08-17,rochelle walensky announced reset organization amid public criticism response coronavirus monkeypox
"General Motors Recalls Over 484,000 Vehicles Over 'Improperly'-Formed Seat Belts",News,U.S. NEWS,2022-08-17,automaker said aware crash injury result seat belt
Planned Parenthood To Spend Record $50 Million For Midterms,News,POLITICS,2022-08-17,nation leading reproductive health care provider pouring money contest access abortion ballot
"Former California Congressman Charged After 'Multiple Fraud Schemes,' Feds Say",News,U.S. NEWS,2022-08-17,terrance cox democrat represented congressional district january january
Syria Denies It Is Holding American Journalist Austin Tice,News,WORLD NEWS,2022-08-17,president joe biden accused syrian government detaining austin tice missing year
NBA Won't Host Election Day Games In Effort To Increase Voter Turnout,News,POLITICS,2022-08-16,many american living state strict voter suppression law election day chance cast ballot
Dog Catches Monkeypox In France In First Suspected Human-To-Pet Transmission,News,U.S. NEWS,2022-08-16,finding prompt debate need isolate pet monkeypox individual researcher wrote
The Denver BroncosÃÂ Historic Purchase Could Increase Number Of Minority-Owned NFL Teams,News,SPORTS,2022-08-16,bronco quarterback russell wilson said new ownership group includes two black woman major move diversity nfl
New Law Makes Period Products Free For All In Scotland,News,WORLD NEWS,2022-08-16,period product act say school university government building must make tampon pad available free bathroom
Tiger To Meet With Top Players Against LIV Golf,News,SPORTS,2022-08-16,pga tour delaware first time tiger wood
Afghanistan Marks One-Year Anniversary Since Taliban Takeover,News,WORLD NEWS,2022-08-16,poverty spiking woman right decimated
"Lindsey Graham Must Testify In Georgia Election Probe, Judge Says",News,POLITICS,2022-08-15,graham argued provision constitution provides absolute protection senator questioned legislative act
'Another World' Soap Star Robyn Griggs Dies At 49,News,ENTERTAINMENT,2022-08-15,actor known role life live previously revealed cervical cancer diagnosis
3 Injured In Shooting At Six Flags Great America Park Near Chicago,News,U.S. NEWS,2022-08-15,three people hurt parking lot outside six flag great america gurnee illinois shot fired vehicle
Iran Denies Involvement But Justifies Salman Rushdie Attack,News,WORLD NEWS,2022-08-15,iran focused writer recent year fatwa demanding killing still stand
Lawyers Appeal Brittney Griner's Russian Prison Sentence,News,WORLD NEWS,2022-08-15,lawyer american basketball star said griner conviction sentence excessive
Jury Selection In R. Kelly Federal Trial To Begin In Chicago,News,U.S. NEWS,2022-08-15,r b singer face charge rigged state child pornography trial
Palestinian Gunman Wounds 8 In Late-Night Jerusalem Shooting,News,WORLD NEWS,2022-08-14,attack jerusalem followed tense week israel palestinian gaza west bank
ÃÂBullet TrainÃÂ Repeats No. 1; ÃÂTop GunÃÂ Flies Back Up Ranks,News,ENTERTAINMENT,2022-08-14,brad pitt action film led movie ticket sale second straight weekend
Officials: Fire At Coptic Church In Cairo Kills 41,News,WORLD NEWS,2022-08-14,one worst fire tragedy egypt recent year
Don't Look Up! A Possible Meteor Causes Loud 'Boom' Sound In Utah,News,U.S. NEWS,2022-08-14,national weather service salt lake city office wrote likely picked meteor trail
"Salman Rushdie 'On The Road To Recovery,' Agent Says",News,WORLD NEWS,2022-08-14,author agent said road two day suffering serious injury stabbing lecture upstate new york
"'Catastrophic Failure' At Research Center Kills About 21,000 Fish",News,ENVIRONMENT,2022-08-13,university california davis investigating led death ten thousand fish including chinook salmon
Parents Arrested After Attempting To Grab Their Children During School Lockdown,News,U.S. NEWS,2022-08-13,police reportedly used stun gun least two parent arrived kid report armed man school campus
Sinema Took Wall Street Money While Killing Tax On Investors,News,POLITICS,2022-08-13,democratic kyrsten sinema arizona received nearly million campaign contribution past year private equity professional hedge fund manager venture capitalist whose interest staunchly defended congress
Video Shows NFL Player Hopping Into Stands To Stop Fighting Fans,News,SPORTS,2022-08-13,moore cameo took place fan fest event organized carolina panther
Suspect In Rushdie Stabbing Pleads Not Guilty As Author Remains Hospitalized,News,U.S. NEWS,2022-08-13,suspect identified new jersey man hadi matar
'Shocking' Fish Die-Off Sends Poland Scrambling To Determine Source,News,ENVIRONMENT,2022-08-13,polish prime minister mateusz morawiecki suspect amount chemical waste dumped country second largest river
Cleveland Browns QB Deshaun Watson Apologizes ÃÂTo All The Women I Have ImpactedÃÂ,News,SPORTS,2022-08-12,qb accused two dozen woman sexual misconduct massage therapy session
"Over $2 Billion Announced For Roads, Bridges, Bike Lanes Across U.S.",News,POLITICS,2022-08-12,numerous transportation project across getting slice billion new federal funding
"Polio Detected In NYC's Sewage, Suggesting Virus Circulating",News,U.S. NEWS,2022-08-12,health official say virus cause polio detected new york wastewater week case polio identified north city
DemocratsÃÂ Inflation Reduction Act Expected To Do Little To Reduce Inflation,News,POLITICS,2022-08-12,bill also touted lowering deficit much uncertain
"CDC Drops Some Quarantine, Screening Recommendations For COVID-19",News,U.S. NEWS,2022-08-11,long social distancing
Feathers Fly As Wild Turkey Dodges Cops In Slapstick Apartment Chase,News,WEIRD NEWS,2022-08-11,one officer used net attempt nab turkey shuffled around apartment friday
Steve Martin Says ÃÂOnly Murders In The BuildingÃÂ Could Be His Final Role,News,ENTERTAINMENT,2022-08-11,legendary comedian actor latest tv show multiple emmy year
Officials: NH Missing Girl Case Shifts To Homicide Probe,News,CRIME,2022-08-11,authority say search new hampshire girl disappeared age reported missing late last year considered homicide investigation
U.S. Unemployment Claims Rise To Highest Level Since November,News,U.S. NEWS,2022-08-11,application jobless aid climbed risen five last six week labor department reported
Gas Prices Dip Just Below $4 For The First Time In 5 Months,News,U.S. NEWS,2022-08-11,falling price gas airline ticket clothes giving consumer bit relief although inflation still close high
"As Joe Biden Wins Mount, 2024 Doubts Ease For Top House Dems",News,POLITICS,2022-08-10,two veteran new york democrat previously dodged question whether president run reelection
FX's 'Justified' Set Faces Violent Interruption For Second Time In 3 Weeks,News,ENTERTAINMENT,2022-08-10,chicago police said person threw toward set south loop neighborhood
Ex-Twitter Staffer Convicted For Sharing Private Information On Dissidents With Saudis,News,U.S. NEWS,2022-08-10,ahmad abouammo received cash payment gift return providing information saudi account critical kingdom
Stranded Whale Euthanized After Removal From French River,News,WORLD NEWS,2022-08-10,veterinarian said rescue operation dangerously thin white mammal began breathing difficulty
Sesame Place To Train Workers On Diversity After Lawsuit,News,U.S. NEWS,2022-08-10,sesame park announced implementation diversity inclusion training employee
Kobe Bryant Crash Photos Lawsuit To Be Heard By LA Jury,News,U.S. NEWS,2022-08-10,vanessa bryant life fear child one day confront horrific image loved one online lawsuit say
Why The Justice Department CanÃÂt Say More About The Mar-A-Lago Raid,News,POLITICS,2022-08-09,donald trump
Lawyer: Rudy Giuliani WonÃÂt Testify Tuesday In Georgia Election Probe,News,POLITICS,2022-08-09,special grand jury atlanta investigating whether former president donald trump others illegally tried interfere general election state
Idris Elba Reveals How He 'Hustled' His Way Onto Jay-Z's 'American Gangster' Album,News,ENTERTAINMENT,2022-08-09,american gangster actor told jimmy fallon wrote poem ended film companion album
Judge: 3 Players Who Joined Saudi-Backed Golf Tour Can't Compete In PGA Postseason,News,SPORTS,2022-08-09,three suspended golfer joined liv golf wo allowed compete pga tour postseason
Broncos Make History After Being Sold For Record $4.65 Billion,News,SPORTS,2022-08-09,record billion sale denver bronco walmart heir rob walton daughter unanimously approved nfl owner
3 Dead In Shooting At Florida Narcotics Anonymous Meeting,News,U.S. NEWS,2022-08-09,man went meeting killed friend shooting police say
Trump Said Wounded Veterans In Military Parades DidnÃÂt 'Look Good' For Him: Book,News,POLITICS,2022-08-08,hero john kelly reportedly responded trump new book journalist peter baker susan glasser
Lindsey Graham Scolded For Senate Outburst At Maggie Hassan,News,POLITICS,2022-08-08,graham directly insulted hassan presiding officer chris murphy stepped
Albuquerque Police Share Photo Of Car Eyed In Slayings Of Muslim Men,News,CRIME,2022-08-08,authority said four killing several thing common looking see crime could related
"ÃÂCome On, Bernie!ÃÂ Why Democrats Left Child Tax Credit Out Of The Inflation Reduction Act",News,POLITICS,2022-08-08,hope restoring child benefit appears bipartisan negotiation mitt romney
"How To Hide Even The Worst Tan Lines, According To Makeup Pros",News,STYLE & BEAUTY,2022-08-08,quick solution fix tan body makeup self tanner
"57 Votes in the Senate: Enough For Private Equity, Not Enough For Diabetics",News,POLITICS,2022-08-08,latest example senate rule help powerful
Brad PittÃÂs ÃÂBullet TrainÃÂ Pulls Into Station With $30.1M,News,ENTERTAINMENT,2022-08-07,stylized action romp starring brad pitt arrived million opening weekend
'The Flash' Movie Still Set For Release Despite Ezra Miller's Controversies,News,ENTERTAINMENT,2022-08-07,warner discovery ceo david zaslav recently teased film upcoming release spite miller arrest various allegation star
Biden Expresses Solidarity With Muslim Community After Albuquerque Killings,News,POLITICS,2022-08-07,president joe response come two day fourth muslim man found dead new mexico governor called targeted attack
L.A. Man Among 3 Killed In Lightning Strike Near White House,News,U.S. NEWS,2022-08-07,los angeles bank executive one three people killed last week lightning struck park across white house
"Over 120 Injured, Several Missing In Massive Cuban Oil Facility Fire",News,WORLD NEWS,2022-08-07,dense black smoke cloud fire spread mile west toward havana
Eastern Kentucky Braces For More Storms While Recovering From Extreme Flooding,News,U.S. NEWS,2022-08-07,national weather service extended flood watch area eastern kentucky said threat thunderstorm region much coming week
Woody Harrelson Reacts To Viral Photo Of DoppelgÃÂ¤nger Baby With Sweet Poem,News,ENTERTAINMENT,2022-08-06,danielle grier mulvenna tweeted photo smiling baby girl noted eerie resemblance woody harrelson actor took notice
Albuquerque Police Tell Muslim Community To Be 'Vigilant' Amid Series Of Murders,News,CRIME,2022-08-06,police searching shooter shooter believed responsible string murder around new mexico city
Canadian Man Uses Giant Billboard To Get Rid Of Leftover Dairy Product In Fridge,News,WEIRD NEWS,2022-08-06,man recently moved toronto wanted part way item big way
New York Couple Turns In 5-Foot Gator 'Zachary' They'd Been Keeping In Home,News,ENVIRONMENT,2022-08-06,zachary headed sanctuary better life ahead
This Is The Most Underappreciated Part Of The Democratic Prescription Drug Bill,News,POLITICS,2022-08-06,medicare recipient spend year lifesaving medication could change
GOP Senators Refuse To Rule Out Supporting Donald Trump Again ÃÂ Even If He's Indicted,News,POLITICS,2022-08-06,reportedly criminal investigation many senate republican taking stance
CPAC Has A Special Exhibit: A Sobbing Jan. 6 Rioter In Jail,News,POLITICS,2022-08-05,dancing stand around watch guy cry said one journalist describing bizarre scene
"5 Dead, 8 Injured In Fiery Los Angeles Crash After Speeding Car Runs Red Light",News,U.S. NEWS,2022-08-05,crash killed infant pregnant woman unborn child occurred near gas station windsor hill neighborhood
Trevor Noah Busts Putin For 'Another S**tty Thing' He's Doing To Screw With U.S.,News,ENTERTAINMENT,2022-08-05,daily show host call russia latest tactic
French Scientist Trolls Twitter By Claiming Chorizo Slice Is Actually A Distant Star,News,WEIRD NEWS,2022-08-05,never sausage star
Fertility Treatment Puts Many Families In Debt. Here's How To Manage It.,News,WELLNESS,2022-08-05,expert share advice easing financial burden ivf costly procedure
FBI Arrests 4 Louisville Cops In Breonna Taylor Shooting Investigation,News,U.S. NEWS,2022-08-04,officer accused using false information obtain search warrant led taylor killing
'Cafeteria Workers Do A Lot More Than People Realize',News,FOOD & DRINK,2022-08-04,many school employee quietly go beyond job description stacey truman show look like
WhatÃÂs Going On With HBO Max? HereÃÂs What We Know So Far.,News,CULTURE & ARTS,2022-08-04,speculation potentially drastic cut hbo max left viewer subscriber panicking future streaming platform
John Legend Says Kanye's Support Of Trump Ruined Their Friendship,News,ENTERTAINMENT,2022-08-04,singer said rapper support trump presidential run became much u sustain friendship
Demi Lovato Appears To Call Out Ex Wilmer Valderrama Over Age Gap In New Song,News,ENTERTAINMENT,2022-08-04,number told stop lovato sings snippet unreleased new track
Giant Sinkhole Swallows Chilean Land Owned By Canadian Mining Company,News,WORLD NEWS,2022-08-03,national service geology mining first became aware sinkhole saturday
Selena Gomez Developing Reboot Of '80s Classic 'Working Girl',News,ENTERTAINMENT,2022-08-03,beloved comedy starred melanie griffith harrison ford sigourney weaver getting reboot treatment
Volcano Near IcelandÃÂs Main Airport Erupts Again,News,WORLD NEWS,2022-08-03,icelandic meteorological office urged people go near fagradalsfjall volcano
Paul Pelosi Pleads Not Guilty To DUI Charges,News,POLITICS,2022-08-03,husband house speaker nancy pelosi charged driving influence may car crash california
Brad Pitt Defends Ana De Armas After Marilyn Monroe Accent Backlash,News,ENTERTAINMENT,2022-08-03,come de armas answer pitt
Hilary Duff's Husband Calls Out Candace Cameron Bure For Ignorant TikTok,News,ENTERTAINMENT,2022-08-02,musician matthew koma pointed july post patriotic thought
Sandy Hook Parent Testifies: Alex JonesÃÂ Apologies ÃÂAre WorthlessÃÂ,News,U.S. NEWS,2022-08-02,defamation trial jones sandy hook parent neil heslin said infowars conspiracist lit match started fire
Bandit The 'Guard Cat' Hailed As Hero After Thwarting Would-Be Robbery,News,WEIRD NEWS,2022-08-02,least two people tried break tupelo mississippi home last week cat everything could alert owner
"Senate Republicans Fold, Help Pass Veterans Health Bill After Blocking It",News,POLITICS,2022-08-02,pact act help veteran suffering illness caused toxic burn pit head desk
University of West Georgia Professor Charged With Murder Of Incoming Freshman,News,CRIME,2022-08-02,anna jones sitting parked car friend shot
"I Cooked For The World's 1%, But I Traded It To Make School Lunches",News,FOOD & DRINK,2022-08-01,dan giusti changing way institution like school prison senior center think food learned far
Arizona's Rusty Bowers Comes Out Against A 2024 Trump Bid,News,POLITICS,2022-08-01,state house speaker testified committee investigating trump effort cling power
"Yolanda Hadid Returns To Social Media After 9-Month Break For Depression, Lyme Relapse",News,ENTERTAINMENT,2022-08-01,hadid last post break october month accused gigi zayn malik shoving
Challenger Suraj PatelÃÂs Poll Shows Tightening Race In Key New York Primary,News,POLITICS,2022-08-01,patel taking carolyn maloney jerry nadler democratic nomination manhattan congressional district
"Chris Rock Has No Real Interest In Talking With Will Smith, Sources Say",News,ENTERTAINMENT,2022-08-01,clearly something bother chris need deal issue chris fine one insider told
4 'Micro-Transitions' In Your Day That May Be Causing You Anxiety,News,WELLNESS,2022-08-01,certain point day spark stress without even realizing deal
Death Toll In Kentucky Hits 28 As Infrastructure Damage Hampers Flood Recovery,News,U.S. NEWS,2022-07-31,number death massive flooding kentucky continued climb amid threat heavy rain
Vulnerable House Dems See Abortion As Winning Campaign Theme,News,POLITICS,2022-07-31,supreme court decision abortion scrambled political dynamic heading november election control congress stake
Report: Prince Charles' Charity Got Donation From Bin Ladens,News,WORLD NEWS,2022-07-31,prince charitable fund accepted million pound million donation relative osama bin laden newspaper reported
ÃÂDC League Of Super-PetsÃÂ Takes No. 1 With $23 Million,News,ENTERTAINMENT,2022-07-31,superhero spinoff dog knocked jordan second place
New York City Declares Monkeypox A Public Health Emergency,News,U.S. NEWS,2022-07-31,many new york city resident could risk monkeypox infection according city official
Chinese Rocket Debris Makes Out-Of-Control Fall Back To Earth,News,SCIENCE,2022-07-31,video show people apparently spotting rocket burning debris night sky malaysia
Man Arrested For Alleged Bomb Threat Against Arizona Election Official After Jan. 6,News,U.S. NEWS,2022-07-30,james clark allegedly researched kill katie hobbs threatening arizona democratic secretary state explosive device
Rain Cascades From Vegas Casino Ceilings As Thunderstorms Flood Desert,News,ENVIRONMENT,2022-07-30,part parched southwest hit flood multiple people needing rescue nevada arizona
Photos Reveal Ivana Trump's Final Resting Place At Bedminster Golf Course,News,U.S. NEWS,2022-07-30,plot near first tee clubhouse new york post report
Ex-DHS Aide Suggests She 'Went Very Public' Because She Didn't Trust Inspector General,News,POLITICS,2022-07-30,olivia troye quit administration appeared call trump official embroiled secret service scandal
DHS Watchdog Fails To Notify Congress Over Missing Jan. 6 Texts Of 2 Trump Officials,News,POLITICS,2022-07-29,phone homeland security leader chad wolf ken cuccinelli reportedly wiped much like trump secret service agent
'Covington Kid' Nicholas Sandmann Loses Defamation Suits Against Major Media Outlets,News,U.S. NEWS,2022-07-29,sandmann footage native american elder went viral lost several outlet including new york time abc news
Alabama Official Told Reporter Her Skirt Was Too Short To Witness An Execution,News,POLITICS,2022-07-29,ivana hrynkiw ultimately allowed witness killing joe nathan james executed wish family member
Kenan Thompson: Ending 'SNL' After 50th Season 'Might Not Be A Bad Idea',News,ENTERTAINMENT,2022-07-29,cast member said lorne michael rumored departure could affect quality show
Principal Of Texas School Where Shooting Happened Reinstated,News,U.S. NEWS,2022-07-29,reinstatement came mandy gutierrez disputed finding developed uvalde school
Infowars Sidekick Owen Shroyer Testifies In Alex Jones' Sandy Hook Defamation Trial,News,U.S. NEWS,2022-07-28,shroyer peddled false story infowars neil heslin hold dead child massacre sandy hook elementary
BeyoncÃÂ© Shares Rare Glimpse Of All 3 Kids In Never-Before-Seen Photo,News,ENTERTAINMENT,2022-07-28,music superstar gave fan adorable look blue rumi sir carter ahead release new album renaissance
Democrats' Reconciliation Package The 'Biggest Climate Action In Human History',News,POLITICS,2022-07-28,deal democrat struck late thursday includes historic billion clean energy climate investment also requires new oil gas leasing
Deputy Kills Unarmed Black Man After Alleged Shoplifting From Houston Dollar General,News,POLITICS,2022-07-27,footage show harris county office deputy chasing man pinning hitting stun gun shooting back
Chris Cuomo Returning To Cable News After CNN Ouster,News,MEDIA,2022-07-27,former head cnn show taken job host newsnation
2 Cops Sentenced For Violating George Floyd's Rights,News,U.S. NEWS,2022-07-27,federal government brought civil right charge four officer may month chauvin convicted murder manslaughter state court
GOP Sen. Joni Ernst Blocks Bill Protecting Right To Birth Control,News,POLITICS,2022-07-27,republican lawmaker celebrating end nationwide abortion right blocking federal protection birth control
Should I Take My Cat Out In This Heat?,News,WELLNESS,2022-07-27,certain temperature dangerous pet expert share precaution tip take care feline friend heat wave
'Stranger Things' Star Joseph Quinn Detained By Customs Agent Demanding Season 5 Return,News,ENTERTAINMENT,2022-07-26,british actor play eddie munson said snared way tonight show jimmy fallon
calculation prompt diphoton production cross section tevatron lhc energy,Research Paper,hep-ph,2008-11-26,fully differential calculation perturbative quantum chromodynamics presented production massive photon pair hadron collider order perturbative contribution anti quark subprocesses included well resummation gluon radiation valid logarithmic accuracy region phase space specified calculation reliable good agreement demonstrated data fermilab tevatron prediction made detailed test cdf data prediction shown distribution diphoton pair produced energy large hadron collider lhc distribution diphoton pair decay higgs boson contrasted produced qcd process lhc showing enhanced sensitivity signal obtained judicious selection event
graph decomposition,Research Paper,math.CO cs.CG,2008-12-13,describe new algorithm k game color use obtain characterization family k graph algorithmic solution family problem concerning tree decomposition graph special instance sparse graph appear rigidity theory received increased attention recent year particular colored pebble generalize strengthen previous result lee streinu give new proof characterization arboricity also present new decomposition certifies sparsity based k game color work also expose connection pebble game algorithm previous sparse graph algorithm gabow gabow westermann hendrickson
evolution system based dark matter field fluid model,Research Paper,physics.gen-ph,2008-01-13,evolution system described dark matter field fluid model proposed meeting division particle field american physical society current behavior system agrees model well general pattern evolution system described model agrees geological fossil evidence closest distance moon earth km billion year ago far beyond roche limit result suggests tidal friction may primary cause evolution system average dark matter field fluid constant derived system data x model predicts mar rotation also slowing angular acceleration rate x rad
determinant stirling cycle number count unlabeled acyclic automaton,Research Paper,math.CO,2007-05-23,show determinant stirling cycle number count unlabeled acyclic automaton proof involves bijection automaton certain marked lattice path involution evaluate determinant
dyadic,Research Paper,math.CA math.FA,2013-10-15,paper show compute norm using dyadic grid result consequence description hardy space term dyadic special atom
bosonic character atomic cooper pair across resonance,Research Paper,cond-mat.mes-hall,2015-05-13,study wave function paired atom fermi gas tunable interaction strength controlled feshbach resonance cooper pair wave function examined bosonic character quantified correction bose enhancement factor associated creation annihilation composite particle operator example given uniform gas two definition cooper pair wave function examined one chosen reflect long range order odlro another one corresponds pair projection bcs state side negative scattering length found paired atom described odlro bosonic pair projected definition also found definition give similar result atom occupy corresponding molecular condensate
polymer quantum mechanic continuum limit,Research Paper,gr-qc,2008-11-26,rather quantum representation canonical commutation relation quantum mechanic system known polymer representation gained attention recent year due possible relation planck scale physic particular approach followed symmetric sector loop quantum gravity known loop quantum cosmology explore different aspect relation ordinary schroedinger theory polymer description paper two part first one derive polymer quantum mechanic starting ordinary schroedinger theory show polymer description arises appropriate limit second part consider continuum limit theory namely reverse process one start discrete theory try recover back ordinary schroedinger quantum mechanic consider several example interest including harmonic oscillator free particle simple cosmological model
numerical solution shock ramp compression general material property,Research Paper,cond-mat.mtrl-sci,2009-02-05,general formulation developed represent material model application dynamic loading numerical method devised calculate response shock ramp compression ramp decompression generalizing previous solution scalar equation state numerical method found flexible robust matched analytic result high accuracy basic ramp shock solution method coupled solve composite deformation path impact shock interaction planar interface different material calculation capture much physic typical material dynamic experiment without requiring simulation example calculation made loading history metal illustrating effect plastic work temperature induced experiment effect phase transition
spitzer survey large nearby insterstellar cloud ix serpens yso population observed irac mips,Research Paper,astro-ph,2010-03-18,discus result combined irac mips spitzer legacy observation serpens region particular present set criterion isolating bona fide young stellar object yso extensive background contamination object discus property resulting high confidence set yso find object field covered irac mips additional set lower confidence yso outside area identified mips data combined photometry describe two set result diagram compare observed source property theoretical model system modeling subset object appear object exhibit wide range disk property many fit actively accreting disk passive disk even possibly debris disk find luminosity function yso serpens extends least x lsun lower assumed distance pc lower limit may set inability distinguish yso source lack yso low luminosity spatial clustering analysis show nominally yso highly clustered later stage background population fit correlation function seen study also present table match several previous infrared study serpens yso population spitzer data set
partial cube structure characterization construction,Research Paper,math.CO,2007-05-23,partial cube isometric subgraphs hypercubes structure graph defined mean semicubes c winkler relation play important role theory partial cube structure employed paper characterize bipartite graph partial cube arbitrary dimension new characterization established new proof known result given operation cartesian product pasting expansion contraction process utilized paper construct new partial cube old one particular isometric lattice dimension finite partial cube obtained mean operation calculated
computing genus modular form via correspondence,Research Paper,math.NT math.AG,2008-08-20,paper present algorithm computing hecke eigensystems cusp form real quadratic field narrow class number one give illustrative example using quadratic field example identify eigenforms possible lift hilbert eigenforms
distribution integral fourier coefficient modular form half integral weight modulo prime,Research Paper,math.NT,2007-05-23,recently bruinier ono classified cusp form f z n q n z q satisfy certain distribution property modulo odd prime p paper using bracket extend result modular form half integral weight prime p application main theorem derive distribution property modulo prime trace singular modulus hurwitz class number also study analogue conjecture overpartitions
p limit weakly holomorphic modular form half integral weight,Research Paper,math.NT,2008-05-26,serre obtained limit integral fourier coefficient modular form z paper extend result serre weakly holomorphic modular form half integral weight proof based linear relation among fourier coefficient modular form half integral weight application obtain congruence borcherds exponent congruence quotient eisentein series congruence value l certain point also studied furthermore congruence fourier coefficient siegel modular form maass space obtained using ikeda lifting
iterated integral loop product,Research Paper,math.CA math.AT,2009-09-29,article discus relation string topology differential form based theory chen iterated integral cyclic bar complex
fermionic superstring loop amplitude pure spinor formalism,Research Paper,hep-th,2009-11-13,pure spinor formulation superstring lead manifestly supersymmetric loop amplitude expressed integral pure spinor superspace paper explores different method evaluate integral us calculate kinematic factor massless amplitude involving two four ramond state
lifetime doubly charmed baryon,Research Paper,hep-ph,2008-12-18,work evaluate lifetime doubly charmed baryon cc cc cc carefully calculate contribution quark level diagram also included hadronic matrix element evaluated simple harmonic oscillator model numerical result generally consistent obtained author used diquark model however theoretical prediction lifetime one order larger upper limit set recent selex measurement discrepancy would clarified future experiment accurate experiment still confirms value selex collaboration must unknown mechanism explored
spectroscopic observation intermediate polar ex hydra quiescence,Research Paper,astro-ph,2009-06-23,result spectroscopic observation intermediate polar ip ex hya quiescence presented radial velocity consistent outer disc origin detected first time ip spin pulsation modulated velocity near velocity consistent material circulating outer edge accretion disc suggesting corotation accretion curtain material near roche lobe radius furthermore spin doppler tomograms revealed evidence accretion curtain emission extending velocity finding confirmed theoretical model prediction king wynn belle et al norton et al ex hya predict large accretion curtain extend distance close roche lobe radius system evidence overflow stream material falling onto magnetosphere observed confirming result belle et al disc overflow ex hya present quiescence well outburst appears hbeta hgamma spin radial velocity originated rotation funnel outer disc edge halpha produced due flow material along field line far white dwarf narrow component close white dwarf component agreement accretion curtain model
quest generalized callias index theorem,Research Paper,hep-th,2007-05-23,give prescription compute callias index using regulator exponential function find agreement old result odd dimension show problem computing dimension modulus space string formulated index problem space think regulator used letter applied index problem
approximation extinction probability contact process based obner basis,Research Paper,math.PR math.AG,2007-06-23,note give new method getting series approximation extinction probability contact process using obner basis
measurement hadronic form factor nue decay,Research Paper,hep-ex,2015-06-30,shape hadronic form factor decay nue measured model independent analysis compared theoretical calculation use fb data recorded babar detector pepii collider corresponding decay branching fraction relative decay also measured rd br nue result using present world average value br normalization form factor determined uncertainty statistical systematic external input respectively
molecular synchronization wave array allosterically regulated enzyme,Research Paper,nlin.PS physics.chem-ph q-bio.MN,2007-07-24,spatiotemporal pattern formation enzymic reaction high enzyme concentration investigated stochastic simulation show catalytic turnover cycle individual enzyme become coherent complex wave pattern molecular synchronization develop analysis based approximation indicates observed pattern result presence hopf wave bifurcation considered system
stochastic lie group integrator,Research Paper,math.NA,2007-10-16,present lie group integrator nonlinear stochastic differential equation vector field whose solution evolves smooth finite dimensional manifold given lie group action generates transport along manifold pull back stochastic flow manifold lie group via action subsequently pull back flow corresponding lie algebra via exponential map construct approximation stochastic flow lie algebra via closed operation push back lie group manifold thus ensuring approximation lie manifold call scheme stochastic method deterministic counterpart also present stochastic lie group integration scheme based castell gaines method involve using underlying ordinary differential integrator approximate flow generated truncated stochastic exponential lie series become stochastic lie group integrator scheme use method underlying ordinary differential integrator show castell gaines method uniformly accurate corresponding stochastic taylor scheme lastly demonstrate method simulating dynamic free rigid body satellite autonomous underwater vehicle perturbed two independent multiplicative stochastic noise process
alma ideal probe solar chromosphere,Research Paper,astro-ph,2009-06-23,nature solar chromosphere structuring dynamic remains far properly understood spite intensive research point potential chromospheric observation millimeter wavelength resolve problem computation carried sophisticated dynamic model solar chromosphere due carlsson stein demonstrate millimeter emission extremely sensitive dynamic process chromosphere appropriate wavelength look dynamic signature range mm model also suggests high resolution observation mm wavelength provided alma unique property reacting hot cool gas thus potential distinguishing rival model solar atmosphere thus initial result obtained observation quiet sun mm bima array resolution arcsec reveal significant oscillation amplitude k frequency mhz tendency toward oscillation internetwork longer period network region however higher spatial resolution provided alma required clean separation feature within solar atmosphere adequate comparison output comprehensive dynamic simulation
formation transverse confined ferromagnetic film medium,Research Paper,nlin.PS,2007-05-30,formation waveform longitudinally magnetized stripe ferrimagnetic film observed using brillouin light scattering technique linear regime found confinement decrease amplitude dynamic magnetization near lateral stripe edge thus effective dipolar pinning dynamic magnetization take place edge nonlinear regime new stable spin wave packet propagating along waveguide structure transversal instability interaction side wall waveguide important observed experiment numerical simulation pulse evolution show shape formed waveform behavior strongly influenced confinement
spectroscopic property polarons strongly correlated system exact diagrammatic monte carlo method,Research Paper,cond-mat.str-el cond-mat.stat-mech,2015-05-13,present recent advance understanding ground excited state coupled system obtained novel method diagrammatic monte carlo stochastic optimization enable calculation matsubara green function imaginary time perform unbiased analytic continuation real frequency present exact numeric result ground state property lehmann spectral function optical conductivity different strongly correlated system frohlich polaron pseudo polaron exciton interacting phonons hole model
placeholder substructure ii made fill sky,Research Paper,math.RA,2007-11-22,zds derived process cdp hypercomplex number n power least represent singularity n approach infinite fractal thereby network integer greater power generates sky interpreted strut constant ensemble octahedral vertex figure called fundamental building block zds remarkably simple rule recipe provide tool transforming one fractal genus others within context wolfram class complexity
magnetophonon resonance graphene,Research Paper,cond-mat.mes-hall,2009-09-24,describe peculiar fine structure acquired optical phonon graphene brought resonance one transition material effect pronounced lattice mode associated graphene raman spectrum resonance transition magnetic field used measure strength coupling directly dependence used experimentally detect circularly polarized lattice mode
pfaffians hafnians product real linear functionals,Research Paper,math.CA math.PR,2014-07-31,prove pfaffian hafnian version lieb inequality determinant permanent positive matrix use hafnian inequality improve lower bound sarantopoulos norm product linear functionals real euclidean space subject sometimes called real linear polarization constant problem
understanding flavor symmetry breaking nucleon structure within chiral quark model,Research Paper,hep-ph,2010-04-23,quark emit goldstone boson flavor symmetry breaking goldstone boson emission process used intepret nucleon structure paper study inner structure constituent quark implied caused goldstone boson emission process nucleon simplified model hamiltonian derived intrinsic wave function constituent quark determined obtained transition probability emission goldstone boson quark give reasonable interpretation flavor symmetry breaking nucleon structure
tuning correlation effect interaction,Research Paper,cond-mat.str-el,2015-05-13,investigate effect tuning phonon energy correlation effect model interaction using dmft regime itinerant electron instantaneous driven correlation static distortion compete similar energy scale find several interesting result including crossover band mott behavior spectral function leading hybrid feature spectral function phonon frequency slightly larger band width since optical conductivity depends sensitively form spectral function show regime observable low frequency form optical conductivity resistivity double kondo peak arrangement
crystal channeling lhc forward proton preserved distribution phase space,Research Paper,hep-ph,2008-11-26,show crystal trap broad x x e distribution particle channel preserved high precision distribution steered bent crystal analysis downstream simulation tev large hadron collider crystal adapted accelerator lattice trap diffractively scattered proton emerging interaction point divergence time critical angle set criterion crystal adaptation improving efficiency proton angle preserved crystal transmission accuracy microrad make feasible crystal application measuring forward proton lhc
probing neutrino interaction supernova neutrino,Research Paper,hep-ph,2008-11-26,analyze possibility probing neutrino interaction nsi short detection neutrino produced future galactic supernova sn consider effect nsi neutrino propagation sn envelope within framework paying special attention inclusion resonant conversion may take place deleptonised inner layer study possibility detecting nsi effect megaton water cherenkov detector either modulation effect spectrum due passage shock wave sn envelope ii time dependence electron fraction iii earth matter effect finally possible detectability neutronization burst find spectrum exhibit dramatic feature due internal resonant conversion occurs nsi strength small nsi
convergence discrete dipole approximation theoretical analysis,Research Paper,physics.optics physics.comp-ph,2022-03-31,performed rigorous theoretical convergence analysis discrete dipole approximation dda prove error measured quantity bounded sum linear quadratic term size dipole latter range dda applicability moreover linear term significantly smaller cubically shaped scatterers therefore small error cubically shaped particle much smaller shaped relative importance linear term decrease increasing size hence convergence dda large enough scatterers quadratic common range extensive numerical simulation carried wide range finally discus number new development dda consequence convergence
origin adaptive mutant quantum measurement,Research Paper,q-bio.PE q-bio.CB quant-ph,2007-05-23,supplement paper arxiv containing text correspondence sent nature
convergence discrete dipole approximation ii extrapolation technique increase accuracy,Research Paper,physics.optics physics.comp-ph,2008-07-29,propose extrapolation technique allows accuracy improvement discrete dipole approximation computation performance technique studied empirically based extensive simulation test case using many different discretizations quality extrapolation improves refining discretization reaching extraordinary performance especially cubically shaped particle two order magnitude decrease error demonstrated also propose estimate extrapolation error proven reliable finally propose simple method directly separate shape discretization error illustrated one test case
remark number steady state multiple futile cycle,Research Paper,q-bio.QM q-bio.MN,2011-11-09,multisite cycle motif repeatedly used cell signaling motif generate variety dynamic behavior like bistability ultrasensitivity without direct positive feedback paper study number positive steady state general multisite cycle number positive steady state varies changing biological parameter show analytically parameter range least n even n n odd steady state never steady state particular implies including single level mapk cascade three steady state parameter near standard state condition steady state parameter far standard state condition one steady state
discrete dipole approximation simulation light scattering particle much larger wavelength,Research Paper,physics.optics physics.comp-ph,2007-05-23,manuscript investigate capability discrete dipole approximation dda simulate scattering particle much larger wavelength incident light describe optimized publicly available dda computer program process large number dipole required simulation numerical simulation light scattering sphere size parameter x refractive index respectively presented compared exact result mie theory error integral scattering quantity generally increase show systematic dependence computational time increase steeply x reaching value week cluster processor main distinctive feature computer program ability parallelize single dda simulation cluster computer allows simulate light scattering large particle like one considered manuscript current limitation possible way improvement discussed
discrete dipole approximation overview recent development,Research Paper,physics.optics physics.comp-ph,2022-03-30,present review discrete dipole approximation dda general method simulate light scattering arbitrarily shaped particle put method historical context discus recent development taking viewpoint general framework based integral equation electric field review theory dda numerical aspect latter critical importance practical application method finally position dda among method light scattering simulation shown possible future development discussed
scalar radius pion zero form factor,Research Paper,hep-ph hep-lat nucl-th,2008-11-26,quadratic pion scalar radius play important role present precise determination scattering recently using e representation null isospin pion scalar form factor obtains value larger one calculated solving corresponding e equation large discrepancy value given precision result reanalyze method show imposing continuity resulting pion scalar form factor tiny change input phase shift zero form factor required accounted resulting value main source error determination present experimental uncertainty low energy phase shift another important contribution error yet settled asymptotic behaviour phase scalar form factor qcd
multilinear function series conditionally free probability amalgamation,Research Paper,math.OA math.FA,2008-09-05,case freeness monotonic independence notion conditional freeness meaningful state replaced positive conditional expectation framework paper present several positivity result version central limit theorem analogue conditionally free constructed mean multilinear function series
quantum group isometry classical noncommutative geometry,Research Paper,math.QA math-ph math.MP,2009-11-13,formulate quantum generalization notion group riemannian isometry compact riemannian manifold introducing natural notion smooth isometric action compact quantum group classical noncommutative manifold described spectral triple proving existence universal object called quantum isometry group category compact quantum group acting smoothly isometrically given possibly noncommutative manifold satisfying certain regularity assumption fact identify quantum isometry group universal object bigger category namely category quantum family smooth isometry defined along line woronowicz soltan also construct spectral triple hilbert space form noncommutative manifold equivariant respect natural unitary representation quantum isometry group give explicit description quantum isometry group commutative noncommutative torus context obtain quantum double torus defined hajac universal quantum group holomorphic isometry noncommutative torus
general system theory semantics fuzzy set,Research Paper,physics.gen-ph quant-ph,2010-04-26,outlined possibility extend quantum formalism relation requirement general system theory done using quantum semantics arising deep logical structure quantum theory possible taking account logical openness relationship observer system going show considering quantum proposition within context fuzzy set useful systemics conclusion propose example formal quantum coherence
nonequilibrium entropy limiter lattice boltzmann method,Research Paper,cond-mat.stat-mech cond-mat.mtrl-sci,2007-11-19,construct system nonequilibrium entropy limiter lattice boltzmann method lbm limiter erase spurious oscillation without blurring shock affect smooth solution general work lbm flux limiter finite difference finite volume finite element method lbm main idea behind construction nonequilibrium entropy limiter scheme transform field scalar quantity nonequilibrium entropy two family limiter based restriction nonequilibrium entropy entropy trimming ii based filtering nonequilibrium entropy entropy filtering physical property lbm provide additional benefit control entropy production accurate estimate introduced artificial dissipation possible constructed limiter tested classical numerical example athermal shock tube initial density ratio cavity reynolds number coarse grid limiter construction applicable entropic quasiequilibria
astrophysical gyrokinetics kinetic fluid turbulent cascade magnetized weakly collisional plasma,Research Paper,astro-ph nlin.CD physics.plasm-ph physics.space-ph,2015-05-13,present theoretical framework plasma turbulence astrophysical plasma solar wind interstellar medium galaxy cluster accretion disk key assumption turbulence anisotropic respect mean magnetic field frequency low compared ion cyclotron frequency energy injected outer scale scale converted heat ultimately done without collision kinetic cascade develops brings energy collisional scale space velocity nature depends physic plasma fluctuation physically distinct scale range kinetic problem systematically reduced tractable set equation inertial range ion gyroscale kinetic cascade split cascade alfvenic fluctuation governed rmhd equation collisional collisionless scale passive cascade compressive fluctuation obey linear kinetic equation along moving field line associated alfvenic component dissipation range ion electron gyroscales two cascade kaw cascade governed two electron rmhd equation passive cascade ion entropy fluctuation latter cascade brings energy fluctuation damped collisionless interaction ion gyroscale collisional scale phase space lead ion heating kaw energy similarly damped electron gyroscale converted electron heat scaling relation derived cascade astrophysical application discussed detail
evolution solitary wave undular bore flow gradual slope bottom friction,Research Paper,nlin.PS nlin.SI,2007-09-23,paper considers propagation solitary nonlinear periodic wave gradual slope bottom friction framework vries equation use whitham averaging method using recent development theory perturbed integrable equation general approach enables u improve known result adiabatic evolution isolated solitary wave periodic wave train presence variable topography bottom friction modeled chezy law also importantly study effect factor propagation undular bore essentially unsteady system consideration particular shown combined action variable topography bottom friction generally imposes certain global restriction undular bore propagation evolution leading solitary wave substantially different isolated solitary wave initial amplitude effect due nonlinear wave interaction within undular bore lead additional solitary wave amplitude growth predicted framework traditional adiabatic approach propagation solitary wave slowly varying medium
limit relation entropy channel capacity per unit cost,Research Paper,quant-ph cs.IT math.IT,2009-11-13,quantum mechanical model diosi feldmann kosloff arrived conjecture stating limit entropy certain mixture relative entropy system size go infinity conjecture proven paper density matrix first proof analytic us quantum law large number second one clarifies relation channel capacity per unit cost channel proof lead generalization conjecture
intelligent location simultaneously active acoustic emission source part,Research Paper,cs.NE cs.AI,2009-09-29,intelligent acoustic emission locator described part part ii discus blind source separation time delay estimation location two simultaneously active continuous acoustic emission source location acoustic emission complicated aircraft frame structure difficult problem testing article describes intelligent acoustic emission source locator intelligent locator comprises sensor antenna general regression neural network solves location problem based learning example locator performance tested different test specimen test shown accuracy location depends sound velocity attenuation specimen dimension tested area property stored data location accuracy achieved intelligent locator comparable obtained conventional triangulation method applicability intelligent locator general since analysis sonic ray path avoided promising method testing aircraft frame structure acoustic emission method
inference white dwarf binary system using first round mock lisa data challenge data set,Research Paper,gr-qc astro-ph,2008-11-26,report analysis selected single source data set first round mock lisa data challenge mldc white dwarf binary implemented pipeline consisting coherent unit signal detection automatic markov chain monte carlo unit signal evaluation demonstrate signal detection coherent approach secure accurate increased accuracy supplemented additional information signal parameter markov chain monte carlo approach also demonstrate markov chain monte carlo routine additionally able determine accurately noise level frequency window interest
algorithm classification smooth fano polytopes,Research Paper,math.CO,2007-05-23,present algorithm produce classification list smooth fano given input algorithm single number namely positive integer algorithm used classify smooth fano isomorphism class smooth fano isomorphism class smooth fano
intelligent location simultaneously active acoustic emission source part ii,Research Paper,cs.NE cs.AI,2007-05-23,part describes intelligent acoustic emission locator part ii discus blind source separation time delay estimation location two continuous acoustic emission source acoustic emission ae analysis used characterization location developing defect material ae source often generate mixture various statistically independent signal difficult problem ae analysis separation characterization signal component signal various source mode mixing unknown recently blind source separation bs independent component analysis ica used solve problem purpose paper demonstrate applicability ica locate two independent simultaneously active acoustic emission source aluminum band specimen method promising testing aircraft frame structure acoustic emission analysis
visualizing teleportation,Research Paper,physics.ed-ph quant-ph,2008-05-14,novel way picturing processing quantum information described allowing direct visualization teleportation quantum state providing simple intuitive understanding fascinating phenomenon discussion aimed providing physicist method explaining teleportation basic idea quantum physic first explained lay term idea used graphical description teleportation arises naturally
quantum field theory curved background ii spacetime symmetry,Research Paper,hep-th,2007-05-23,study symmetry scalar quantum field theory including interacting theory static first consider euclidean quantum field theory static riemannian manifold show isometry group generated subgroup either unitary quantization analytically continue semigroups unitary group thus construct unitary representation isometry group associated lorentzian manifold method illustrated example hyperbolic space whose lorentzian continuation sitter space
global approach theory special finsler manifold,Research Paper,math.DG gr-qc,2009-04-20,aim present paper provide global presentation theory special finsler manifold introduce investigate globally intrinsically free local coordinate many important commonly used special finsler manifold locally minkowskian berwald landesberg general landesberg p c c c h v v v second order p h scalar curvature constant curvature p curvature p global definition special finsler manifold introduced various relationship different type considered special finsler manifold found many local result known literature proved globally several new result obtained interesting identity property concerning torsion tensor field curvature tensor field deduced although investigation entirely global provide comparison reason appendix presenting local counterpart global approach local definition special finsler space considered
space p q,Research Paper,math.CA math.FA,2013-10-15,paper consider space p q discus atomic decomposition element space interpolation property behavior singular integral operator acting
potassium intercalation graphite van der waals study,Research Paper,cond-mat.soft cond-mat.mtrl-sci,2009-11-13,potassium intercalation graphite investigated theory bonding compound reasonably well accounted traditional semilocal density functional theory dft calculation however investigate intercalate formation energy pure potassium atom graphite requires use description graphite interlayer binding thus consistent account nonlocal dispersive interaction included seamlessly ordinary dft van der waals density functional approach phys rev lett use found stabilize graphite crystal crystal parameter fair agreement experiment graphite graphite structural parameter binding separation layer binding energy formation energy bulk modulus reported also adsorption potassium absorption energy reported description compared traditional semilocal approach found weakly soften elastic response
phase diagram nematics,Research Paper,cond-mat.soft cond-mat.mtrl-sci,2009-11-13,study simple model nematic liquid crystal made parallel ellipsoidal particle interacting via repulsive gaussian law identifying relevant solid phase system careful scrutiny many eleven candidate crystal structure determine melting temperature various pressure value also help exact free energy calculation among prominent feature model reentrant melting stabilization columnar phase intermediate temperature
orbital polarization transition multiorbital mott system,Research Paper,cond-mat.str-el,2009-11-13,study interplay crystal field splitting hund coupling model capture essential physic system two electron hole shell use single site dynamical mean field theory recently developed impurity solver able access strong coupling low temperature filling orbitals location phase boundary computed function coulomb repulsion exchange coupling crystal field splitting find hund coupling drive system novel mott insulating phase vanishing orbital susceptibility away crystal field splitting induce orbital selective mott state
intelligent life cosmology,Research Paper,physics.pop-ph,2015-05-13,shall present three argument proposition intelligent life rare universe first shall summarize consensus opinion founder modern synthesis simpson dobzhanski mayr evolution intelligent life exceedingly improbable second shall develop fermi paradox existed third shall show intelligent life common would use available resource die shall show quantum mechanical principle unitarity actually form teleology requires intelligent life survive end time finally shall argue universe indeed accelerating survival end time requires intelligent life though rare evolved several time visible universe shall argue acceleration consequence excess matter antimatter universe shall suggest experiment test claim
mass radius unseen companion eclipsing binary,Research Paper,astro-ph,2009-06-23,derive mass radius component eclipsing binary consists primary late secondary system period short day orbit indistinguishable circular demonstrate generally surface gravity secondary star binary undergoing total eclipse derived characteristic light curve spectroscopic orbit constrains secondary unique line diagram constant assume orbit tidally circularized primary rotation synchronized aligned orbital axis observed line broadening rot rot give primary radius light curve analysis lead radius secondary b semimajor axis orbit au spectroscopic orbit semimajor axis yield individual mass b result b lie theoretical model lyon group consistent result eclipsing binary method describe offer opportunity study low end stellar relation
coulomb excitation unstable nucleus intermediate energy,Research Paper,nucl-th,2008-11-26,investigate coulomb excitation state unstable nucleus intermediate energy collision lab shown cross section transition larger lower energy much le retardation effect coulomb distortion found relevant energy low high implication study radioactive beam facility discussed
intersection body generalized cosine transforms,Research Paper,math.FA,2007-05-23,intersection body represent remarkable class geometric object associated section star body invoking radon transforms generalized cosine transforms relevant fourier analysis main focus article interrelation generalized cosine transforms different kind context application investigation certain family intersection body call body latter include k body sense koldobsky unit ball subspace particular show restriction onto lower dimensional subspace spherical radon transforms generalized cosine transforms preserve structure apply result study section body new characterization class body obtained example given also review known fact give new proof
