headline,category,date,short_description_clean,main_category
Over 4 Million Americans Roll Up Sleeves For Omicron-Targeted COVID Boosters,U.S. NEWS,2022-09-23,health expert said early predict whether demand would match million dos new booster ordered fall,News
"American Airlines Flyer Charged, Banned For Life After Punching Flight Attendant On Video",U.S. NEWS,2022-09-23,subdued passenger crew fled back aircraft confrontation according attorney office los angeles,News
23 Of The Funniest Tweets About Cats And Dogs This Week (Sept. 17-23),COMEDY,2022-09-23,dog understand could eaten,News
The Funniest Tweets From Parents This Week (Sept. 17-23),PARENTING,2022-09-23,accidentally put toothpaste toothbrush screamed like cleaning teeth carolina reaper dipped tabasco sauce,News
Woman Who Called Cops On Black Bird-Watcher Loses Lawsuit Against Ex-Employer,U.S. NEWS,2022-09-22,amy cooper accused investment firm franklin templeton unfairly firing branding racist video central park encounter went viral,News
Cleaner Was Dead In Belk Bathroom For 4 Days Before Body Found: Police,U.S. NEWS,2022-09-22,woman seen working south carolina store thursday found dead monday family reported missing authority said,News
Reporter Gets Adorable Surprise From Her Boyfriend While Live On TV,U.S. NEWS,2022-09-22,behind anchor new asked journalist michelle ross finished interview,News
Puerto Ricans Desperate For Water After Hurricane FionaÃÂs Rampage,WORLD NEWS,2022-09-22,half million people remained without water service three day storm lashed territory,News
How A New Documentary Captures The Complexity Of Being A Child Of Immigrants,CULTURE & ARTS,2022-09-22,mija director isabel castro combined music documentary style euphoria clueless tell nuanced immigration story,News
Biden At UN To Call Russian War An Affront To Body's Charter,WORLD NEWS,2022-09-21,white house official say crux president visit year condemnation russia brutal war,News
World Cup Captains Want To Wear Rainbow Armbands In Qatar,WORLD NEWS,2022-09-21,fifa come pressure several european soccer federation want support human right campaign discrimination world cup,News
Man Sets Himself On Fire In Apparent Protest Of Funeral For Japan's Abe,WORLD NEWS,2022-09-21,incident underscore growing wave protest funeral shinzo abe one divisive leader postwar japanese politics,News
Fiona Threatens To Become Category 4 Storm Headed To Bermuda,WORLD NEWS,2022-09-21,hurricane fiona lashed turk caicos island forecast squeeze past bermuda later week,News
"Twitch Bans Gambling Sites After Streamer Scams Folks Out Of $200,000",TECH,2022-09-21,one man claim scammed people platform caused several popular streamer consider twitch boycott,News
Virginia Thomas Agrees To Interview With Jan. 6 Panel,U.S. NEWS,2022-09-21,conservative activist virginia thomas wife supreme court justice clarence thomas agreed participate voluntary interview house panel investigating insurrection,News
Russian Cosmonaut Valery Polyakov Who Broke Record With 437-Day Stay In Space Dies At 80,WORLD NEWS,2022-09-20,polyakov trip outer space saw orbit earth time travel nearly million mile,News
'Reboot' Is A Clever And Not Too Navel-Gazey Look Inside TV Reboots,CULTURE & ARTS,2022-09-20,starring key judy greer johnny knoxville hulu show follows revival fictional early sitcom,News
"Maury Wills, Base-Stealing Shortstop For Dodgers, Dies At 89",SPORTS,2022-09-20,maury will helped los angeles dodger win three world series title prowess died,News
4 Russian-Controlled Ukrainian Regions Schedule Votes This Week To Join Russia,WORLD NEWS,2022-09-20,concerted quickening effort swallow four region could set stage moscow escalate war,News
Fiona Barrels Toward Turks And Caicos Islands As Category 3 Hurricane,WORLD NEWS,2022-09-20,turk caicos island government imposed curfew intensifying storm kept dropping copious rain dominican republic puerto rico,News
Golden Globes Returning To NBC In January After Year Off-Air,ENTERTAINMENT,2022-09-20,past month hollywood effectively boycotted globe report member journalist included black member,News
Biden Says U.S. Forces Would Defend Taiwan If China Invaded,POLITICS,2022-09-19,president issue vow tension china rise,News
Hurricane Fiona Bears Down On Dominican Republic After Pounding Puerto Rico,WORLD NEWS,2022-09-19,storm knocked power grid unleashed flood landslide puerto rico governor said damage,News
One Dead After Plane Crashes At Reno Air Race,U.S. NEWS,2022-09-19,plane participating national championship air race sunday crashed field killing pilot official said,News
ÃÂBeautiful And Sad At The Same TimeÃÂ: Ukrainian Cultural Festival Takes On A Deeper Meaning This Year,POLITICS,2022-09-19,annual celebration took different feel russia invasion dragged day,News
Family Of American Held In Afghanistan Says He Was Freed By Taliban In Prisoner Swap,U.S. NEWS,2022-09-19,mark frerichs navy veteran civilian contractor kidnapped afghanistan january,News
"Las Vegas Aces Win First WNBA Title, Chelsea Gray Named MVP",SPORTS,2022-09-19,la vega never professional sport champion sunday,News
World Leaders Pay Respects To Queen Elizabeth II,WORLD NEWS,2022-09-18,president joe biden first lady jill biden among thousand mourner local tourist royal world leader pay respect,News
James Cameron Says He 'Clashed' With Studio Before 'Avatar' Release,ENTERTAINMENT,2022-09-18,avatar director said aspect movie still competitive everything day,News
'French Spider-Man' Celebrates 60th Birthday With A Massive Skyscraper Climb,WEIRD NEWS,2022-09-18,alain robert known french climbed burj khalifa empire state building,News
Biden Says Queen's Death Left 'Giant Hole' For Royal Family,POLITICS,2022-09-18,president joe biden london funeral queen elizabeth ii say heart went royal family adding death left,News
Watchdog Report Finds Some Census Takers Who Fudged 2020 Data DidnÃÂt Get Fired,U.S. NEWS,2022-09-18,despite entering false information work redone fully case census taker received bonus office inspector general reported,News
First Public Global Database Of Fossil Fuels Launches,ENVIRONMENT,2022-09-18,monday first public database fossil fuel production reserve emission launch,News
Man Charged With Exposing Himself To Mourners Waiting To View Queen Elizabeth,WORLD NEWS,2022-09-17,reportedly fled thames failed bid escape police,News
Alaska Prepares For 'Historic-Level' Storm Barreling Towards Coast,ENVIRONMENT,2022-09-17,year people referring september storm benchmark,News
Puerto Rico Braces For Landslides And Severe Flooding As Tropical Storm Fiona Approaches,ENVIRONMENT,2022-09-17,puerto rico hurricane watch saturday storm barreled towards territory,News
WHO Raises Alarm On Disease In Flood-hit Areas Of Pakistan,WORLD NEWS,2022-09-17,world health organization raising alarm wake deadly flood pakistan summer doctor medical worker ground race battle outbreak waterborne disease,News
Privatization IsnÃÂt The Answer To JacksonÃÂs Water Crisis,ENVIRONMENT,2022-09-17,study repeatedly shown ending public administration water supply work table mississippi,News
German Customs Officials Follow Trail Of Slime And Find Bags Of Giant Snails,WEIRD NEWS,2022-09-16,history duesseldorf custom office trail slime led u smuggled good spokesman michael walk told medium,News
Amazon Greenlights 'Blade Runner 2099' Limited Series Produced By Ridley Scott,ENTERTAINMENT,2022-09-16,director original film join writer sequel newest installment franchise,News
Bill To Help Afghans Who Escaped Taliban Faces Long Odds In The Senate,POLITICS,2022-09-16,republican outrage shoddy withdrawal afghanistan spurred support resettling refugee,News
Alabama Sidesteps Compensation For Survivor Of '63 KKK Blast,U.S. NEWS,2022-09-16,sarah collins rudolph lost eye piece glass inside body ku klux klan bombing killed sister three black girl inside alabama church year ago,News
Racism Seen As Root Of Water Crisis In Mississippi Capital,U.S. NEWS,2022-09-16,advisory lifted mississippi capital state stop handing free bottled water saturday,News
'The Phantom Of The Opera' To Close On Broadway Next Year,ENTERTAINMENT,2022-09-16,phantom show scheduled close february victim softening theater attendance new york,News
Mark Meadows Complies With Justice Dept. Subpoena: Report,POLITICS,2022-09-15,former white house chief staff turned record part federal investigation assault capitol,News
"Meet Alex Aster, The TikToker Changing The Publishing Industry For The Better",CULTURE & ARTS,2022-09-15,author new book lightlark rejected numerous time went directly reader support,News
Chick-Fil-A Worker Saves Woman With Baby From Being Carjacked,U.S. NEWS,2022-09-15,mykel gordon rushed woman aid held assailant police arrived remarkably first time gordon may saved life,News
Viola Davis Feared A Heart Attack During 'The Woman King' Training,ENTERTAINMENT,2022-09-15,oscar winner said worked five hour day role new action movie,News
Kim Kardashian's Next Boyfriend Could Be A Biochemist,ENTERTAINMENT,2022-09-15,reality star told james corden branching clearly working whatever,News
Podcasters Offer $100K Reward For Information On 2PacÃÂs Killers,ENTERTAINMENT,2022-09-15,la vega podcasters hoping find shot rap icon year ago,News
"Cardi B Donates $100,000 To Her Old Middle School In The Bronx",ENTERTAINMENT,2022-09-14,rapper surprised child alexander macomb school morris height make announcement,News
"Bill Richardson Visits Moscow As Brittney Griner, Paul Whelan Remain Jailed",WORLD NEWS,2022-09-14,richardson former ambassador united nation frequent emissary hostage negotiation held meeting russian leader,News
Emmy Awards Viewership Dips To A Record-Low As Its Audience Continues To Drop,ENTERTAINMENT,2022-09-14,television award ceremony lost roughly million viewer compared program,News
"Possible Nationwide Rail Strike Is Already Impacting Travelers, Businesses",U.S. NEWS,2022-09-14,white house press secretary karine said rail shutdown acceptable would harm family well business,News
Democrats Nominate Seth Magaziner In Key Rhode Island House Race,POLITICS,2022-09-14,state general treasurer slated face former cranston mayor allan fung r general election,News
TikTok Search Results Riddled With Misinformation: Report,TECH,2022-09-14,firm monitor false online claim report search information prominent news topic tiktok likely turn result riddled misinformation,News
U.S. Inflation Falls For 2nd Straight Month On Lower Gas Costs,U.S. NEWS,2022-09-13,monthly basis price rose flat reading july,News
"Jean-Luc Godard, Pioneering French Filmmaker, Dies",ENTERTAINMENT,2022-09-13,director best known groundbreaking movie breathless,News
Thousands Of Minnesota Nurses Launch 3-day Strike Over Pay,U.S. NEWS,2022-09-13,pressing salary increase say help improve patient care resolving understaffing stress worsened pandemic,News
Joe Biden Urges National Unity In Speech On Renewed ÃÂCancer MoonshotÃÂ,POLITICS,2022-09-13,cancer discriminate red blue president said monday beating cancer something together,News
Sen. Tim Scott Downplays Electability Concerns Over Struggling Senate GOP Candidates,POLITICS,2022-09-12,field gon na play scott told fox news sunday,News
Boston Marathon To Make Race More Inclusive For Nonbinary Runners,SPORTS,2022-09-12,race organizer say nonbinary athlete wo register men woman division provided qualifying time guide training,News
"Anthony Varvaro, MLB Pitcher Turned Transit Cop, Dies In Crash On Way To 9/11 Ceremony",SPORTS,2022-09-12,varvaro pitched mostly atlanta brave started law enforcement career,News
Electability Is On The Ballot In Key Rhode Island House Primary,POLITICS,2022-09-12,democrat moderate house district deciding take popular republican former mayor,News
"In A Nod To JFK, Joe Biden Pushing 'Moonshot' To Fight Cancer",POLITICS,2022-09-12,biden plan draw attention new federally backed study seek validate using blood test screen multiple cancer,News
How Ani Liu Is Brilliantly Disguising Her Art As Science,CULTURE & ARTS,2022-09-12,artist found dynamic way confront conversation female empowerment motherhood labor artwork,News
'Sidney' Tackles The Not-So-Comfortable Conversations About A Black Cinema Icon,CULTURE & ARTS,2022-09-11,sensationalizing even tarnishing reputation sidney poitier rather new documentary honor humanity every facet,News
"Carlos Alcaraz Wins U.S. Open For 1st Slam Title, Top Ranking",SPORTS,2022-09-11,carlos alcaraz defeated casper ruud open final earn first grand slam age become youngest man move ranking,News
"Weather Helping, But Threat From Western Fires Persists",U.S. NEWS,2022-09-11,firefighter made progress huge northern california wildfire still growing threatening thousand mountain home,News
"Biden Honors 9/11 Victims, Vows Commitment To Thwart Terror",POLITICS,2022-09-11,president joe biden marked anniversary attack taking part somber ceremony held pentagon steady rain,News
9/11 Attacks Still Reverberate As U.S. Marks 21st Anniversary,U.S. NEWS,2022-09-11,september remains point reflection attack thatÃ¢ reconfigured national security policyÃ¢ spurred worldwide,News
Last Reactor At Ukraine's Zaporizhzhia Nuclear Plant Stopped,WORLD NEWS,2022-09-11,plant one biggest atomic power station world occupied russian force since early war marked day sunday,News
Payment Processor Visa To Start Categorizing Sales At Gun Stores,U.S. NEWS,2022-09-10,adoption significant largest payment network likely add pressure mastercard american express adopt code well,News
"US, Trump Team Propose Names For Arbiter In Mar-A-Lago Probe",POLITICS,2022-09-10,justice department proposed two retired judge role team proposed retired judge lawyer,News
James Cameron Presents New Scenes From 'Avatar: The Way Of Water' At D23 Expo,ENTERTAINMENT,2022-09-10,director told audience super excited finally finishing movie two three additional installment work,News
Russia Says It's Pulling Back Forces From Ukraine's Kharkiv Region,WORLD NEWS,2022-09-10,defense ministry announced troop pulled back two area ukrainian counter offensive made significant advance,News
Severe Winds Batter Southern California As Heat Wave Breaks,ENVIRONMENT,2022-09-10,heat wave nearly overwhelmed electrical grid southern california got cooler weather also ferocious tropical storm,News
Ukraine Claws Back Some Territory; Nuclear Plant In Peril,WORLD NEWS,2022-09-10,ukrainian force claiming new success counteroffensive russian force east,News
Watch Harry Styles Pay Tribute To Queen Elizabeth II At NYC Concert,ENTERTAINMENT,2022-09-09,join round applause year service pop star told crowd paused madison square garden performance,News
Ex-Employee Testifies He Now Doubts R. Kelly Abuse Denials,ENTERTAINMENT,2022-09-09,derrell testimony could major blow r b singer hope acquittal,News
'Our Hearts Are Broken': Historic Front Pages Mark The Queen's Death,WORLD NEWS,2022-09-09,british international newspaper honor passing monarch,News
JoJo Siwa To Receive Prestigious GLSEN Honor For Her LGBTQ Advocacy Work,ENTERTAINMENT,2022-09-09,singer dancer youtube icon receive gamechanger award focus effort,News
UN Chief Asks World For 'Massive' Help In Flood-Hit Pakistan,WORLD NEWS,2022-09-09,speaking islamabad antonio guterres said country bearing responsibility climate change faced challenge,News
"Politician's DNA Connected To Las Vegas JournalistÃÂs Murder, Police Say",POLITICS,2022-09-08,clark county public administrator robert telles arrested fatal stabbing jeff german investigating office,News
Michelle Obama Celebrated For Wearing Braids To Her White House Portrait Unveiling,ENTERTAINMENT,2022-09-08,internet ignited approval former first lady hairstyle choice monumental day,News
Norman Reedus Opens Up About 'Walking Dead' Injury: 'I Thought I Was Going To Die',ENTERTAINMENT,2022-09-08,actor said badly concussed shooting series finale feared life holding onto wall recovering,News
Michigan Supreme Court Revives Abortion Rights Amendment For November's Ballot,POLITICS,2022-09-08,opponent measure claimed typo made qualifying petition incomprehensible state highest court rejected argument,News
Portland Residents With Disabilities Sue Over City's Blocked Sidewalks,POLITICS,2022-09-08,lawsuit say allowing homeless tent block city sidewalk make difficult people using wheelchair walker cane use,News
At Least 32 Dead In Fire At Karaoke Parlor In South Vietnam,WORLD NEWS,2022-09-08,fire thuan city began late tuesday trapped worker customer inside venue,News
Baseball Players Union Joins AFL-CIO In Show Of Solidarity With Other Workers,SPORTS,2022-09-07,mlb player association finally member affiliating union across industry,News
"Muslims Only Make Up 1% Of Characters On TV, Study Finds",ENTERTAINMENT,2022-09-07,scripted show researcher analyzed muslim character typically violent dehumanized disparaged existed,News
The Unemployment Insurance System Is Not Ready For The Next Recession,POLITICS,2022-09-07,state cutting back congress unlikely step even pandemic exposed unemployment system shortcoming,News
"Power Outage At Austin Airport Leads To Flight Delays, Traffic Jams",U.S. NEWS,2022-09-07,airport official austin texas say early morning power outage causing flight delay even electricity restored,News
"Shelling Goes On Near Ukraine Nuclear Plant, Despite Risks",WORLD NEWS,2022-09-07,head international atomic energy agency warned security council catastrophic could take zaporizhzhia,News
Cyberattack Prompts Los Angeles School District To Shut Down Its Computer Systems,EDUCATION,2022-09-07,attack become growing threat school several incident reported since last year,News
Fast-Moving Fairview Fire Kills At Least 2 In California,U.S. NEWS,2022-09-06,second fire killed two people northern california weekend,News
"Kody Clemens Strikes Out MVP Shohei Ohtani, Trails Dad Roger By 4,671 Ks",SPORTS,2022-09-06,detroit tiger rookie utility player got pressed duty loss angel,News
Mississippi Governor Says Water Pressure Is Now 'Solid' In Jackson,U.S. NEWS,2022-09-06,city remains boil water notice first went effect july,News
"Meta, Parent Company Of Instagram, Fined $400 Million By Irish Regulators",U.S. NEWS,2022-09-06,social medium giant fined violation data privacy law related information child instagram,News
School Starts Today For Survivors Of Deadly Mass Shooting In Uvalde,U.S. NEWS,2022-09-06,new high fencing around texas community public school still finished heavy police patrol many family trust,News
"U.S.: Russia To Buy Rockets, Artillery Shells From North Korea",WORLD NEWS,2022-09-06,finding come biden administration confirmed russian military august took delivery drone use ukraine,News
Harry Styles Say He Feels Like He Has 'No Idea What I'm Doing' When Acting,ENTERTAINMENT,2022-09-05,singer said also see many parallel music acting,News
Michigan Secretary of State Worried About ÃÂViolence And DisruptionÃÂ Going Into Midterms,POLITICS,2022-09-05,jocelyn benson said misinformation fuel potential additional threat harassment even violence election day,News
Citing Imminent Danger Cloudflare Drops Hate Site Kiwi Farms,TECH,2022-09-05,cloudflare ceo matthew prince previously resisted call block site,News
Bear Spotted Chilling In California Swimming Pool,U.S. NEWS,2022-09-05,welcome yard long kill family homeowner quipped,News
Uvalde Fourth Graders Waited An Hour With Wounded Teacher,POLITICS,2022-09-05,elsa avila look scar run torso ca help remember may gunman stormed fourth grade wing robb elementary uvalde texas killing child two teacher leaving others wounded,News
Trump-Endorsed Wisconsin Gubernatorial Candidate Tells Voters To Take Up Pitchforks,POLITICS,2022-09-04,tim michels call supporter go medium following milwaukee journal sentinel story reporting multimillionaire donation group,News
Memphis Police: Arrest Made In Jogger's Disappearance,CRIME,2022-09-04,police tennessee say arrest made disappearance woman abducted jogging,News
FEMA Director Says It's ÃÂToo EarlyÃÂ To Tell When Jackson Will Have Clean Water Again,U.S. NEWS,2022-09-04,resident mississippi capital still clean water rain worsened existing infrastructure,News
Pakistan's Largest Natural Lake Is Rising To Dangerous Levels Due To Monsoon,WORLD NEWS,2022-09-04,authority warn flooding expected lake manchar swell unprecedented monsoon rain killed nearly people,News
Uvalde Children Grapple With Trauma After School Massacre,U.S. NEWS,2022-09-04,student survived may shooting robb elementary texas spending summer host mental health issue including ptsd,News
Emergency Declared As Flash Flooding Hits Northwest Georgia,U.S. NEWS,2022-09-04,thunderstorm heavy rain pounded part northwest georgia sunday sparking flash flooding dangerously high water area,News
"'The Osbournes' Will Return In British Revival On BBC: 'Same Laughter, Love And Tears'",ENTERTAINMENT,2022-09-03,millennials might remember family mtv reality series early bbc series filmed osbourne estate england,News
Plane That Circled Mississippi Threatening To Crash Has Landed,U.S. NEWS,2022-09-03,pilot arrested circling small airplane tupelo mississippi threatening crash walmart store,News
Fuel Leak Ruins NASA's 2nd Shot At Launching New Moon Rocket,SCIENCE,2022-09-03,part space agency artemis program rocket powerful date,News
9 Migrants Are Found Dead In Rio Grande: Border Patrol,U.S. NEWS,2022-09-03,tragic toll followed hazardous crossing desperate dozen said official,News
Owner Of New England Frozen Yogurt Shops Accused Of Hiding Camera In Store Bathroom,U.S. NEWS,2022-09-02,nashua police charged chanphanou sab pou three misdemeanor count violation privacy could face one year jail charge,News
Former White House Counsel Pat Cipollone To Testify Before Grand Jury: Reports,POLITICS,2022-09-02,cipollone former deputy patrick philbin also reportedly scheduled provide testimony grand jury friday,News
"Tropical Storm Danielle Strengthens Into Hurricane, No Current Threat To Land",U.S. NEWS,2022-09-02,storm first hurricane unusually quiet storm season centered mile west azores,News
Putin Plans To Snub Gorbachev's Funeral,WORLD NEWS,2022-09-02,funeral reflects uneasiness legacy gorbachev despised many home collapse soviet union,News
NASA Aims For Saturday Launch Of New Moon Rocket After Fixing Fuel Leaks,U.S. NEWS,2022-09-02,inaugural flight artemis rocket powerful ever built nasa delayed late countdown monday,News
"U.S. Hiring Slowed In August As Employers Add 315,000 Jobs",U.S. NEWS,2022-09-02,unemployment rate rose low july american came sideline look job,News
Pregnant Woman Who Claimed Unborn Baby Was HOV Lane Passenger Receives Another Ticket,U.S. NEWS,2022-09-01,brandy bottone referred roe wade texas penal code identifies unborn child individual first stopped using lane,News
Should You Freeze-Dry Your Breast Milk?,PARENTING,2022-09-01,freezer overflowing tired carrying around ice pack bottle pumped milk option could,News
Missing Louisiana Nun Found 'Alive And Safe' Months After Armed Home Raid,U.S. NEWS,2022-09-01,nun held kidnapper nearly five month following armed raid burkina faso home,News
"A Ku Klux Klan Plaque Is Mounted At West Point's Science Center, Commission Finds",U.S. NEWS,2022-09-01,plaque show hooded man holding weapon,News
Toxic Algae Causes Thousands Of Dead Fish To Wash Ashore In California,ENVIRONMENT,2022-09-01,unprecedented red tide creating foul odor may get worse oncoming heat wave,News
Lisa Loeb Paved Her Own Way In The '90s ÃÂ A Rare Feat For Independent Artists Of The Time,CULTURE & ARTS,2022-08-31,missed artist reflects pushing culture female expected fit certain mold make big,News
Rep. Jim Jordan's Judiciary Twitter Account Finds 'Threat' In Pic Of Docs At Trump Home,POLITICS,2022-08-31,filing described trump representative hand classified material property,News
Mikhail Gorbachev's 1998 Pizza Hut Ad Resurfaces After His Death,POLITICS,2022-08-31,soviet union last leader reportedly earned nearly million even though refused eat pizza camera,News
Republicans Ignore Trump's Hoarding Of Classified Documents,POLITICS,2022-08-31,gop continuing contort defense donald trump despite new information relating classified document held florida estate,News
ÃÂFox & FriendsÃÂ Host Questions Why Trump Kept Classified Documents At Mar-A-Lago,POLITICS,2022-08-31,biggest secret world steve doocy said response keeping top secret document private residence,News
3 More R. Kelly Accusers Testify About His Abuse In Chicago Trial,U.S. NEWS,2022-08-31,prosecutor rested case singer stand accused producing child sexual abuse video latest trial,News
Stocks Dive For Truth Social SPAC Amid Merger Delay,POLITICS,2022-08-30,one thing another donald trump truth social,News
6 Signs YouÃÂre Grinding Your Teeth At Night (And What To Do About It),WELLNESS,2022-08-30,beyond toothache common red flag dealing nighttime teeth grinding,News
'Safety Is Always First': NASA Reschedules Artemis Moon Mission To Saturday,SCIENCE,2022-08-30,going play nine inning artemis mission manager said first launch scrubbed,News
Secret Service Official And Ex-Trump Aide Tony Ornato Retires Amid Jan. 6 Probe,POLITICS,2022-08-30,ornato one point served white house political adviser said witnessed trump lunge secret service agent capitol attack,News
'The Vow Part Two' Trailer Dives Deeper Into Downfall Of Twisted NXIVM Cult,ENTERTAINMENT,2022-08-30,hbo release follow series beginning october infamous sex cult led keith raniere,News
"This Breastfeeding Condition Makes Moms Feel Dread, Disgust And Despair",PARENTING,2022-08-30,mom dysphoric reflex feel intense brief wave depression anxiety negative emotion letdown common might think,News
"Yung Gravy Brings Addison RaeÃÂs Mom As His VMAs Date, Calls Her A Certain 4-Letter Word",ENTERTAINMENT,2022-08-29,tiktok mom sheri easterling rapper made romance public ex monty lopez happy,News
House Members Are Using A Controversial Tool To Keep Campaigning. Has It Gone Too Far?,POLITICS,2022-08-29,house member supposed use proxy voting present due stopping representative voting remotely campaign trail,News
Lindsey Graham Warns Of 'Riots In Streets' If Trump Is Charged Over Classified Docs,POLITICS,2022-08-29,republican including believe come trump law graham said fox news getting,News
Amber Heard's Sister Reacts To 'Disgusting' Johnny Depp Cameo At VMAs,ENTERTAINMENT,2022-08-29,actor appeared virtually mtv video music award moon person sunday night,News
Johnny Depp Makes Surprise Appearance As Moon Person At MTV VMAs,ENTERTAINMENT,2022-08-29,actor made first appearance since defamation verdict amber heard june,News
And The Award For Most Enthusiastic VMAs Guest Goes To Taylor Swift,ENTERTAINMENT,2022-08-29,singer channeled inner barb danced along lizzo fangirled blackpink,News
"Pakistan Flooding Deaths Pass 1,000 In 'Climate Catastrophe'",WORLD NEWS,2022-08-28,pakistani authority reported casualty since monsoon season began earlier normal year destroying nearly home,News
2022 MTV VMAs Red Carpet: All The Wildest Looks You Need To See,ENTERTAINMENT,2022-08-28,celebrity showed showed award sunday night new jersey,News
A Nebraska Man Conducted An Active Shooter Drill. Employees Had No Idea.,U.S. NEWS,2022-08-28,man hired organize looked like mass shooting charged multiple terrorism count,News
Kash Patel Says His Life's In Danger Because He's In FBI Affidavit,POLITICS,2022-08-28,message posted truth social patel called attack,News
FBI Probing Russian-Speaking Fake Heiress Who Infiltrated Mar-A-Lago: Report,POLITICS,2022-08-28,startling case underscore security challenge donald resort even former president stashed government file,News
Arcade Fire Singer Win Butler Accused Of Sexual Misconduct By Several People: Report,ENTERTAINMENT,2022-08-28,butler told pitchfork consensual relationship outside marriage disputed detail allegation,News
Don Jr. Posts 'Dick Pic' Of Dad After Affidavit Release: 'Redact This!',POLITICS,2022-08-27,hang president goof one fan,News
Trump Attorneys File Do-Over Motion Regarding Mar-A-Lago Search,POLITICS,2022-08-27,former president legal team followed judge order polish filing fbi seizure government document estate,News
"6 Missing College Students In Mexico Were Held In Warehouse, Killed By Army",WORLD NEWS,2022-08-27,six student kidnapped kept alive day handed local army commander ordered killed according new report,News
A Fisherman Thought He Caught A Rock. He Snagged A Prehistoric Treasure Instead.,WEIRD NEWS,2022-08-27,nebraska man said initially believed underwater find skeleton catfish deer,News
Jared Kushner Blasts 'Nasty Troll' Chrissy Teigen For Attacks On Ivanka,POLITICS,2022-08-27,nasty,News
'Kimmel' Host Nikki Glaser Absolutely Goes There In Scorching NSFW Monologue,ENTERTAINMENT,2022-08-26,one safe speed roast targeting politician,News
Mar-A-Lago Search Affidavit: Trump Was Insecurely Storing Most Sensitive Intel At Club,POLITICS,2022-08-26,heavily redacted document lay justification department justice provided judge permission search seize highly classified document fbi raid trump florida home,News
"Donald Trump's Truth Social Reportedly Faces Major Money, Trademark Woes",POLITICS,2022-08-26,major vendor claim stiffed trump social medium operation suggesting finance significant disarray reported fox business,News
FINISH HIM: Fighting Kangaroo Pulls Wild Move Right Out Of A Video Game,WEIRD NEWS,2022-08-26,two mad marsupial went canberra nature reserve,News
"6 Months Into War, Russian Goods Still Flowing To U.S.",WORLD NEWS,2022-08-25,american company including federal contractor continue buy everything birch wood flooring titanium russian corporation,News
Judge Temporarily Blocks North Dakota Trigger Law Banning Abortion,POLITICS,2022-08-25,ban set take effect friday two month supreme court overturned roe wade,News
REI Workers At Berkeley Store Vote To Unionize In Another Win For Labor,BUSINESS,2022-08-25,follow footstep rei worker new york city formed union earlier year,News
Gov. Brian Kemp Fights Subpoena In Georgia Election Probe,POLITICS,2022-08-25,judge presiding special grand jury investigating possible illegal attempt influence election georgia,News
JapanÃÂs National Police Chief To Resign Over Shinzo Abe Assassination,WORLD NEWS,2022-08-25,national police agency chief itaru nakamura announcement came agency released report failed protect abe life july,News
"Uvalde Victims' Families, Survivors Plan Multi-Billion Dollar Lawsuit",U.S. NEWS,2022-08-24,lawsuit look name law enforcement agency shop accused shooter bought gun used uvalde shooting,News
"Dan Goldman, Narrowly Leading In New York Democratic Primary, Declares Victory",POLITICS,2022-08-24,congressional race officially called rival niou declined concede,News
Markwayne Mullin Wins Oklahoma Republican Primary To Succeed GOP Sen. Jim Inhofe,POLITICS,2022-08-24,house member known staunch president biden critic loyal donald trump supporter,News
Charlie Crist Wins Chance To Take On Florida Gov. Ron DeSantis And His $132 Million,POLITICS,2022-08-24,crist making second run governor democrat served one term job republican decade ago,News
IRS Launches Safety Review Amid Threats To Workers Linked To Conspiracy Theories,POLITICS,2022-08-24,internal revenue service say conducting comprehensive review safety facility,News
Student Loan Borrowers Await Biden Plan On Debt Forgiveness,POLITICS,2022-08-24,biden plan survives legal challenge almost certain come could offer windfall swath nation fall midterm election,News
'House Of The Dragon' Is Already Ratings King After Most-Watched HBO Premiere Ever,ENTERTAINMENT,2022-08-23,game throne spinoff pulled largest audience original series premiere hbo history,News
Former Louisville Cop Pleads Guilty In Breonna Taylor Case,U.S. NEWS,2022-08-23,former louisville police detective helped falsify warrant led deadly police raid apartment pleaded guilty federal charge,News
"Jerry Allison, Buddy Holly's Drummer, Dead At 82",ENTERTAINMENT,2022-08-23,rock roll hall fame member also classic song like,News
Andrew Garfield Confirms Method Acting Is Possible Without 'Being An Asshole',ENTERTAINMENT,2022-08-23,actor revealed abstained sex month starved prepare role,News
Rusty Bowers Rips 'Fascism' Of GOP And Trump's Strong-Arm Tactics To Trash Vote,POLITICS,2022-08-23,hanged yet arizona gop leader told guardian powerful interview holy moly crazy place lost,News
"After Delay, Biden Readies Student Loan Help, Payment Pause",POLITICS,2022-08-23,precise detail president joe plan kept unusually small circle within biden administration,News
This Is The Bittersweet Part Of Democrats' Sweet Legislative Victory,POLITICS,2022-08-22,democrat cusp transforming paid leave child care home care figuring came short might get opportunity try,News
UK Broadcaster To Air Satirical Musical On Prince Andrew,WORLD NEWS,2022-08-22,program described life duke set musical score,News
Teachers In Ohio's Largest School District Go On Strike,POLITICS,2022-08-22,class scheduled resume two day,News
"Ukraine: 9,000 Of Its Troops Killed Since Russia Began War",WORLD NEWS,2022-08-22,russian invasion ukraine began,News
"Gas Prices Are Falling, But Global Events Could Cause Increase, Energy Secretary Warns",POLITICS,2022-08-22,jennifer granholm said produce record amount oil next year,News
Police File Terrorism Charges Against Pakistan's Ex-Premier Imran Khan,WORLD NEWS,2022-08-22,charge accuse khan threatening police officer judge sedition act,News
Minneapolis Teacher Contract Race Language Ignites Firestorm,EDUCATION,2022-08-21,minneapolis teacher settled strike earlier year celebrated groundbreaking provision new contract meant shield teacher color traditional layoff,News
Hawaii Seeking End To Conflict Over Astronomy On Sacred Mountain,U.S. NEWS,2022-08-21,native hawaiian say use sacred mauna kea summit scientist,News
Metal-Detecting Stranger Retrieves WomanÃÂs Ring Lost In Sea,U.S. NEWS,2022-08-21,francesca teal plea help facebook got attention local man spent two day searching water wetsuit headlamp metal detector,News
"Leon Vitali, Stanley KubrickÃÂs Right-Hand Man, Dies At 74",ENTERTAINMENT,2022-08-21,leon vitali actor became one stanley closest associate died,News
ÃÂDragon Ball SuperÃÂ Bests ÃÂBeastÃÂ At Box Office With $20.1M,ENTERTAINMENT,2022-08-21,idris elba may go lion action flick match latest movie,News
Defense In Parkland School ShooterÃÂs Trial Set To Present Its Case,U.S. NEWS,2022-08-21,nikolas cruz attorney monday present carried attack make case life prison instead death,News
"Judge Won't Block Georgia Ban On Bringing Food, Water To Voters In Line",POLITICS,2022-08-20,voting right group dismayed ruling upholds ban giving drink snack people waiting vote,News
"Trans Woman Can't Be Considered Parent Of Her Own Child, Rules Tokyo Court",WORLD NEWS,2022-08-20,court said woman legal parent daughter born transition one born afterward,News
"Dorli Rainey, Symbol Of Occupy Movement, Dies At 95",U.S. NEWS,2022-08-20,seattle activist turned racial justice affordable housing demonstration year,News
Mike Pence Says He Did Not Take Classified Documents When He Left Office,POLITICS,2022-08-20,former vice president made disclosure fbi agent seized classified top secret document donald trump florida home,News
Wendy's Pulls Lettuce From Sandwiches After Dozens Fall Sick From E. Coli,U.S. NEWS,2022-08-20,chain say pulling lettuce sandwich restaurant michigan ohio pennsylvania people eating reported falling ill,News
Shocking Drone Video Shows Alligator Attacking Florida Man,U.S. NEWS,2022-08-19,gator bite enough crush portion man skull break jaw,News
How To Tell If Your Chest Pain Is A Heart Problem,WELLNESS,2022-08-19,concerned chest pain might look sign know dealing whether need reach doctor asap,News
Mitch McConnell Gives Downbeat Forecast On GOP Winning Senate,POLITICS,2022-08-19,senate gop leader cited candidate quality factor whether republican win control november election,News
Vanessa Bryant Says Kobe Bryant Crash Photos Turned Grief To Horror,SPORTS,2022-08-19,bryant widow testified life fear every day photo husband death pop social medium,News
Rapper Young Thug Again Denied Bond In Racketeering And Gang Case,ENTERTAINMENT,2022-08-19,young thug along rapper gunna one dozen men charged georgia racketeering gang case,News
Media To Ask Judge To Release Trump Search Warrant Affidavit,POLITICS,2022-08-18,matter one utmost public interest involving action current former government official wrote attorney medium company,News
State Dept. 'Studying' 34-Year Sentence Of Saudi Woman Over Twitter Use,WORLD NEWS,2022-08-18,salma received lengthy prison sentence following account retweeting post critical kingdom twitter,News
"LGBTQ Pride Events Will Have Priority Access To Monkeypox Vaccines, Health Officials Say",U.S. NEWS,2022-08-18,extra vaccine dos made available city like atlanta new orleans pride celebration scheduled later year,News
"Trump Org. CFO To Plead Guilty, Testify Against Company",CRIME,2022-08-18,allen weisselberg charged taking million compensation trump organization several year,News
Deshaun Watson Settles With NFL For 11-Game Suspension,SPORTS,2022-08-18,cleveland brown quarterback accused sexual misconduct two dozen woman played houston texan,News
'Mike' And The Flawed Allure Of Authorized Biopics,CULTURE & ARTS,2022-08-18,biography long considered gold standard take consideration curated,News
Talks On Possible Watson Settlement Progress,SPORTS,2022-08-17,two people familiar negotiation tell ap talk nfl nfl player association discipline settlement cleveland brown quarterback deshaun watson progressed,News
CDC Director To Overhaul Agency With COVID Shortcomings In Mind,POLITICS,2022-08-17,rochelle walensky announced reset organization amid public criticism response coronavirus monkeypox,News
"General Motors Recalls Over 484,000 Vehicles Over 'Improperly'-Formed Seat Belts",U.S. NEWS,2022-08-17,automaker said aware crash injury result seat belt,News
Planned Parenthood To Spend Record $50 Million For Midterms,POLITICS,2022-08-17,nation leading reproductive health care provider pouring money contest access abortion ballot,News
"Former California Congressman Charged After 'Multiple Fraud Schemes,' Feds Say",U.S. NEWS,2022-08-17,terrance cox democrat represented congressional district january january,News
Syria Denies It Is Holding American Journalist Austin Tice,WORLD NEWS,2022-08-17,president joe biden accused syrian government detaining austin tice missing year,News
NBA Won't Host Election Day Games In Effort To Increase Voter Turnout,POLITICS,2022-08-16,many american living state strict voter suppression law election day chance cast ballot,News
Dog Catches Monkeypox In France In First Suspected Human-To-Pet Transmission,U.S. NEWS,2022-08-16,finding prompt debate need isolate pet monkeypox individual researcher wrote,News
The Denver BroncosÃÂ Historic Purchase Could Increase Number Of Minority-Owned NFL Teams,SPORTS,2022-08-16,bronco quarterback russell wilson said new ownership group includes two black woman major move diversity nfl,News
New Law Makes Period Products Free For All In Scotland,WORLD NEWS,2022-08-16,period product act say school university government building must make tampon pad available free bathroom,News
Tiger To Meet With Top Players Against LIV Golf,SPORTS,2022-08-16,pga tour delaware first time tiger wood,News
Afghanistan Marks One-Year Anniversary Since Taliban Takeover,WORLD NEWS,2022-08-16,poverty spiking woman right decimated,News
"Lindsey Graham Must Testify In Georgia Election Probe, Judge Says",POLITICS,2022-08-15,graham argued provision constitution provides absolute protection senator questioned legislative act,News
'Another World' Soap Star Robyn Griggs Dies At 49,ENTERTAINMENT,2022-08-15,actor known role life live previously revealed cervical cancer diagnosis,News
3 Injured In Shooting At Six Flags Great America Park Near Chicago,U.S. NEWS,2022-08-15,three people hurt parking lot outside six flag great america gurnee illinois shot fired vehicle,News
Iran Denies Involvement But Justifies Salman Rushdie Attack,WORLD NEWS,2022-08-15,iran focused writer recent year fatwa demanding killing still stand,News
Lawyers Appeal Brittney Griner's Russian Prison Sentence,WORLD NEWS,2022-08-15,lawyer american basketball star said griner conviction sentence excessive,News
Jury Selection In R. Kelly Federal Trial To Begin In Chicago,U.S. NEWS,2022-08-15,r b singer face charge rigged state child pornography trial,News
Palestinian Gunman Wounds 8 In Late-Night Jerusalem Shooting,WORLD NEWS,2022-08-14,attack jerusalem followed tense week israel palestinian gaza west bank,News
ÃÂBullet TrainÃÂ Repeats No. 1; ÃÂTop GunÃÂ Flies Back Up Ranks,ENTERTAINMENT,2022-08-14,brad pitt action film led movie ticket sale second straight weekend,News
Officials: Fire At Coptic Church In Cairo Kills 41,WORLD NEWS,2022-08-14,one worst fire tragedy egypt recent year,News
Don't Look Up! A Possible Meteor Causes Loud 'Boom' Sound In Utah,U.S. NEWS,2022-08-14,national weather service salt lake city office wrote likely picked meteor trail,News
"Salman Rushdie 'On The Road To Recovery,' Agent Says",WORLD NEWS,2022-08-14,author agent said road two day suffering serious injury stabbing lecture upstate new york,News
"'Catastrophic Failure' At Research Center Kills About 21,000 Fish",ENVIRONMENT,2022-08-13,university california davis investigating led death ten thousand fish including chinook salmon,News
Parents Arrested After Attempting To Grab Their Children During School Lockdown,U.S. NEWS,2022-08-13,police reportedly used stun gun least two parent arrived kid report armed man school campus,News
Sinema Took Wall Street Money While Killing Tax On Investors,POLITICS,2022-08-13,democratic kyrsten sinema arizona received nearly million campaign contribution past year private equity professional hedge fund manager venture capitalist whose interest staunchly defended congress,News
Video Shows NFL Player Hopping Into Stands To Stop Fighting Fans,SPORTS,2022-08-13,moore cameo took place fan fest event organized carolina panther,News
Suspect In Rushdie Stabbing Pleads Not Guilty As Author Remains Hospitalized,U.S. NEWS,2022-08-13,suspect identified new jersey man hadi matar,News
'Shocking' Fish Die-Off Sends Poland Scrambling To Determine Source,ENVIRONMENT,2022-08-13,polish prime minister mateusz morawiecki suspect amount chemical waste dumped country second largest river,News
Cleveland Browns QB Deshaun Watson Apologizes ÃÂTo All The Women I Have ImpactedÃÂ,SPORTS,2022-08-12,qb accused two dozen woman sexual misconduct massage therapy session,News
"Over $2 Billion Announced For Roads, Bridges, Bike Lanes Across U.S.",POLITICS,2022-08-12,numerous transportation project across getting slice billion new federal funding,News
"Polio Detected In NYC's Sewage, Suggesting Virus Circulating",U.S. NEWS,2022-08-12,health official say virus cause polio detected new york wastewater week case polio identified north city,News
DemocratsÃÂ Inflation Reduction Act Expected To Do Little To Reduce Inflation,POLITICS,2022-08-12,bill also touted lowering deficit much uncertain,News
"CDC Drops Some Quarantine, Screening Recommendations For COVID-19",U.S. NEWS,2022-08-11,long social distancing,News
Feathers Fly As Wild Turkey Dodges Cops In Slapstick Apartment Chase,WEIRD NEWS,2022-08-11,one officer used net attempt nab turkey shuffled around apartment friday,News
Steve Martin Says ÃÂOnly Murders In The BuildingÃÂ Could Be His Final Role,ENTERTAINMENT,2022-08-11,legendary comedian actor latest tv show multiple emmy year,News
Officials: NH Missing Girl Case Shifts To Homicide Probe,CRIME,2022-08-11,authority say search new hampshire girl disappeared age reported missing late last year considered homicide investigation,News
U.S. Unemployment Claims Rise To Highest Level Since November,U.S. NEWS,2022-08-11,application jobless aid climbed risen five last six week labor department reported,News
Gas Prices Dip Just Below $4 For The First Time In 5 Months,U.S. NEWS,2022-08-11,falling price gas airline ticket clothes giving consumer bit relief although inflation still close high,News
"As Joe Biden Wins Mount, 2024 Doubts Ease For Top House Dems",POLITICS,2022-08-10,two veteran new york democrat previously dodged question whether president run reelection,News
FX's 'Justified' Set Faces Violent Interruption For Second Time In 3 Weeks,ENTERTAINMENT,2022-08-10,chicago police said person threw toward set south loop neighborhood,News
Ex-Twitter Staffer Convicted For Sharing Private Information On Dissidents With Saudis,U.S. NEWS,2022-08-10,ahmad abouammo received cash payment gift return providing information saudi account critical kingdom,News
Stranded Whale Euthanized After Removal From French River,WORLD NEWS,2022-08-10,veterinarian said rescue operation dangerously thin white mammal began breathing difficulty,News
Sesame Place To Train Workers On Diversity After Lawsuit,U.S. NEWS,2022-08-10,sesame park announced implementation diversity inclusion training employee,News
Kobe Bryant Crash Photos Lawsuit To Be Heard By LA Jury,U.S. NEWS,2022-08-10,vanessa bryant life fear child one day confront horrific image loved one online lawsuit say,News
Why The Justice Department CanÃÂt Say More About The Mar-A-Lago Raid,POLITICS,2022-08-09,donald trump,News
Lawyer: Rudy Giuliani WonÃÂt Testify Tuesday In Georgia Election Probe,POLITICS,2022-08-09,special grand jury atlanta investigating whether former president donald trump others illegally tried interfere general election state,News
Idris Elba Reveals How He 'Hustled' His Way Onto Jay-Z's 'American Gangster' Album,ENTERTAINMENT,2022-08-09,american gangster actor told jimmy fallon wrote poem ended film companion album,News
Judge: 3 Players Who Joined Saudi-Backed Golf Tour Can't Compete In PGA Postseason,SPORTS,2022-08-09,three suspended golfer joined liv golf wo allowed compete pga tour postseason,News
Broncos Make History After Being Sold For Record $4.65 Billion,SPORTS,2022-08-09,record billion sale denver bronco walmart heir rob walton daughter unanimously approved nfl owner,News
3 Dead In Shooting At Florida Narcotics Anonymous Meeting,U.S. NEWS,2022-08-09,man went meeting killed friend shooting police say,News
Trump Said Wounded Veterans In Military Parades DidnÃÂt 'Look Good' For Him: Book,POLITICS,2022-08-08,hero john kelly reportedly responded trump new book journalist peter baker susan glasser,News
Lindsey Graham Scolded For Senate Outburst At Maggie Hassan,POLITICS,2022-08-08,graham directly insulted hassan presiding officer chris murphy stepped,News
Albuquerque Police Share Photo Of Car Eyed In Slayings Of Muslim Men,CRIME,2022-08-08,authority said four killing several thing common looking see crime could related,News
"ÃÂCome On, Bernie!ÃÂ Why Democrats Left Child Tax Credit Out Of The Inflation Reduction Act",POLITICS,2022-08-08,hope restoring child benefit appears bipartisan negotiation mitt romney,News
"How To Hide Even The Worst Tan Lines, According To Makeup Pros",STYLE & BEAUTY,2022-08-08,quick solution fix tan body makeup self tanner,News
"57 Votes in the Senate: Enough For Private Equity, Not Enough For Diabetics",POLITICS,2022-08-08,latest example senate rule help powerful,News
Brad PittÃÂs ÃÂBullet TrainÃÂ Pulls Into Station With $30.1M,ENTERTAINMENT,2022-08-07,stylized action romp starring brad pitt arrived million opening weekend,News
'The Flash' Movie Still Set For Release Despite Ezra Miller's Controversies,ENTERTAINMENT,2022-08-07,warner discovery ceo david zaslav recently teased film upcoming release spite miller arrest various allegation star,News
Biden Expresses Solidarity With Muslim Community After Albuquerque Killings,POLITICS,2022-08-07,president joe response come two day fourth muslim man found dead new mexico governor called targeted attack,News
L.A. Man Among 3 Killed In Lightning Strike Near White House,U.S. NEWS,2022-08-07,los angeles bank executive one three people killed last week lightning struck park across white house,News
"Over 120 Injured, Several Missing In Massive Cuban Oil Facility Fire",WORLD NEWS,2022-08-07,dense black smoke cloud fire spread mile west toward havana,News
Eastern Kentucky Braces For More Storms While Recovering From Extreme Flooding,U.S. NEWS,2022-08-07,national weather service extended flood watch area eastern kentucky said threat thunderstorm region much coming week,News
Woody Harrelson Reacts To Viral Photo Of DoppelgÃÂ¤nger Baby With Sweet Poem,ENTERTAINMENT,2022-08-06,danielle grier mulvenna tweeted photo smiling baby girl noted eerie resemblance woody harrelson actor took notice,News
Albuquerque Police Tell Muslim Community To Be 'Vigilant' Amid Series Of Murders,CRIME,2022-08-06,police searching shooter shooter believed responsible string murder around new mexico city,News
Canadian Man Uses Giant Billboard To Get Rid Of Leftover Dairy Product In Fridge,WEIRD NEWS,2022-08-06,man recently moved toronto wanted part way item big way,News
New York Couple Turns In 5-Foot Gator 'Zachary' They'd Been Keeping In Home,ENVIRONMENT,2022-08-06,zachary headed sanctuary better life ahead,News
This Is The Most Underappreciated Part Of The Democratic Prescription Drug Bill,POLITICS,2022-08-06,medicare recipient spend year lifesaving medication could change,News
GOP Senators Refuse To Rule Out Supporting Donald Trump Again ÃÂ Even If He's Indicted,POLITICS,2022-08-06,reportedly criminal investigation many senate republican taking stance,News
CPAC Has A Special Exhibit: A Sobbing Jan. 6 Rioter In Jail,POLITICS,2022-08-05,dancing stand around watch guy cry said one journalist describing bizarre scene,News
"5 Dead, 8 Injured In Fiery Los Angeles Crash After Speeding Car Runs Red Light",U.S. NEWS,2022-08-05,crash killed infant pregnant woman unborn child occurred near gas station windsor hill neighborhood,News
Trevor Noah Busts Putin For 'Another S**tty Thing' He's Doing To Screw With U.S.,ENTERTAINMENT,2022-08-05,daily show host call russia latest tactic,News
French Scientist Trolls Twitter By Claiming Chorizo Slice Is Actually A Distant Star,WEIRD NEWS,2022-08-05,never sausage star,News
Fertility Treatment Puts Many Families In Debt. Here's How To Manage It.,WELLNESS,2022-08-05,expert share advice easing financial burden ivf costly procedure,News
FBI Arrests 4 Louisville Cops In Breonna Taylor Shooting Investigation,U.S. NEWS,2022-08-04,officer accused using false information obtain search warrant led taylor killing,News
'Cafeteria Workers Do A Lot More Than People Realize',FOOD & DRINK,2022-08-04,many school employee quietly go beyond job description stacey truman show look like,News
WhatÃÂs Going On With HBO Max? HereÃÂs What We Know So Far.,CULTURE & ARTS,2022-08-04,speculation potentially drastic cut hbo max left viewer subscriber panicking future streaming platform,News
John Legend Says Kanye's Support Of Trump Ruined Their Friendship,ENTERTAINMENT,2022-08-04,singer said rapper support trump presidential run became much u sustain friendship,News
Demi Lovato Appears To Call Out Ex Wilmer Valderrama Over Age Gap In New Song,ENTERTAINMENT,2022-08-04,number told stop lovato sings snippet unreleased new track,News
Giant Sinkhole Swallows Chilean Land Owned By Canadian Mining Company,WORLD NEWS,2022-08-03,national service geology mining first became aware sinkhole saturday,News
Selena Gomez Developing Reboot Of '80s Classic 'Working Girl',ENTERTAINMENT,2022-08-03,beloved comedy starred melanie griffith harrison ford sigourney weaver getting reboot treatment,News
Volcano Near IcelandÃÂs Main Airport Erupts Again,WORLD NEWS,2022-08-03,icelandic meteorological office urged people go near fagradalsfjall volcano,News
Paul Pelosi Pleads Not Guilty To DUI Charges,POLITICS,2022-08-03,husband house speaker nancy pelosi charged driving influence may car crash california,News
Brad Pitt Defends Ana De Armas After Marilyn Monroe Accent Backlash,ENTERTAINMENT,2022-08-03,come de armas answer pitt,News
Hilary Duff's Husband Calls Out Candace Cameron Bure For Ignorant TikTok,ENTERTAINMENT,2022-08-02,musician matthew koma pointed july post patriotic thought,News
Sandy Hook Parent Testifies: Alex JonesÃÂ Apologies ÃÂAre WorthlessÃÂ,U.S. NEWS,2022-08-02,defamation trial jones sandy hook parent neil heslin said infowars conspiracist lit match started fire,News
Bandit The 'Guard Cat' Hailed As Hero After Thwarting Would-Be Robbery,WEIRD NEWS,2022-08-02,least two people tried break tupelo mississippi home last week cat everything could alert owner,News
"Senate Republicans Fold, Help Pass Veterans Health Bill After Blocking It",POLITICS,2022-08-02,pact act help veteran suffering illness caused toxic burn pit head desk,News
University of West Georgia Professor Charged With Murder Of Incoming Freshman,CRIME,2022-08-02,anna jones sitting parked car friend shot,News
"I Cooked For The World's 1%, But I Traded It To Make School Lunches",FOOD & DRINK,2022-08-01,dan giusti changing way institution like school prison senior center think food learned far,News
Arizona's Rusty Bowers Comes Out Against A 2024 Trump Bid,POLITICS,2022-08-01,state house speaker testified committee investigating trump effort cling power,News
"Yolanda Hadid Returns To Social Media After 9-Month Break For Depression, Lyme Relapse",ENTERTAINMENT,2022-08-01,hadid last post break october month accused gigi zayn malik shoving,News
Challenger Suraj PatelÃÂs Poll Shows Tightening Race In Key New York Primary,POLITICS,2022-08-01,patel taking carolyn maloney jerry nadler democratic nomination manhattan congressional district,News
"Chris Rock Has No Real Interest In Talking With Will Smith, Sources Say",ENTERTAINMENT,2022-08-01,clearly something bother chris need deal issue chris fine one insider told,News
4 'Micro-Transitions' In Your Day That May Be Causing You Anxiety,WELLNESS,2022-08-01,certain point day spark stress without even realizing deal,News
Death Toll In Kentucky Hits 28 As Infrastructure Damage Hampers Flood Recovery,U.S. NEWS,2022-07-31,number death massive flooding kentucky continued climb amid threat heavy rain,News
Vulnerable House Dems See Abortion As Winning Campaign Theme,POLITICS,2022-07-31,supreme court decision abortion scrambled political dynamic heading november election control congress stake,News
Report: Prince Charles' Charity Got Donation From Bin Ladens,WORLD NEWS,2022-07-31,prince charitable fund accepted million pound million donation relative osama bin laden newspaper reported,News
ÃÂDC League Of Super-PetsÃÂ Takes No. 1 With $23 Million,ENTERTAINMENT,2022-07-31,superhero spinoff dog knocked jordan second place,News
New York City Declares Monkeypox A Public Health Emergency,U.S. NEWS,2022-07-31,many new york city resident could risk monkeypox infection according city official,News
Chinese Rocket Debris Makes Out-Of-Control Fall Back To Earth,SCIENCE,2022-07-31,video show people apparently spotting rocket burning debris night sky malaysia,News
Man Arrested For Alleged Bomb Threat Against Arizona Election Official After Jan. 6,U.S. NEWS,2022-07-30,james clark allegedly researched kill katie hobbs threatening arizona democratic secretary state explosive device,News
Rain Cascades From Vegas Casino Ceilings As Thunderstorms Flood Desert,ENVIRONMENT,2022-07-30,part parched southwest hit flood multiple people needing rescue nevada arizona,News
Photos Reveal Ivana Trump's Final Resting Place At Bedminster Golf Course,U.S. NEWS,2022-07-30,plot near first tee clubhouse new york post report,News
Ex-DHS Aide Suggests She 'Went Very Public' Because She Didn't Trust Inspector General,POLITICS,2022-07-30,olivia troye quit administration appeared call trump official embroiled secret service scandal,News
DHS Watchdog Fails To Notify Congress Over Missing Jan. 6 Texts Of 2 Trump Officials,POLITICS,2022-07-29,phone homeland security leader chad wolf ken cuccinelli reportedly wiped much like trump secret service agent,News
'Covington Kid' Nicholas Sandmann Loses Defamation Suits Against Major Media Outlets,U.S. NEWS,2022-07-29,sandmann footage native american elder went viral lost several outlet including new york time abc news,News
Alabama Official Told Reporter Her Skirt Was Too Short To Witness An Execution,POLITICS,2022-07-29,ivana hrynkiw ultimately allowed witness killing joe nathan james executed wish family member,News
Kenan Thompson: Ending 'SNL' After 50th Season 'Might Not Be A Bad Idea',ENTERTAINMENT,2022-07-29,cast member said lorne michael rumored departure could affect quality show,News
Principal Of Texas School Where Shooting Happened Reinstated,U.S. NEWS,2022-07-29,reinstatement came mandy gutierrez disputed finding developed uvalde school,News
Infowars Sidekick Owen Shroyer Testifies In Alex Jones' Sandy Hook Defamation Trial,U.S. NEWS,2022-07-28,shroyer peddled false story infowars neil heslin hold dead child massacre sandy hook elementary,News
BeyoncÃÂ© Shares Rare Glimpse Of All 3 Kids In Never-Before-Seen Photo,ENTERTAINMENT,2022-07-28,music superstar gave fan adorable look blue rumi sir carter ahead release new album renaissance,News
Democrats' Reconciliation Package The 'Biggest Climate Action In Human History',POLITICS,2022-07-28,deal democrat struck late thursday includes historic billion clean energy climate investment also requires new oil gas leasing,News
Deputy Kills Unarmed Black Man After Alleged Shoplifting From Houston Dollar General,POLITICS,2022-07-27,footage show harris county office deputy chasing man pinning hitting stun gun shooting back,News
Chris Cuomo Returning To Cable News After CNN Ouster,MEDIA,2022-07-27,former head cnn show taken job host newsnation,News
2 Cops Sentenced For Violating George Floyd's Rights,U.S. NEWS,2022-07-27,federal government brought civil right charge four officer may month chauvin convicted murder manslaughter state court,News
GOP Sen. Joni Ernst Blocks Bill Protecting Right To Birth Control,POLITICS,2022-07-27,republican lawmaker celebrating end nationwide abortion right blocking federal protection birth control,News
Should I Take My Cat Out In This Heat?,WELLNESS,2022-07-27,certain temperature dangerous pet expert share precaution tip take care feline friend heat wave,News
'Stranger Things' Star Joseph Quinn Detained By Customs Agent Demanding Season 5 Return,ENTERTAINMENT,2022-07-26,british actor play eddie munson said snared way tonight show jimmy fallon,News
